run_id,stage,kind,timestamp,elapsed_s,epoch,step,lr,loss,n_oom,peak_gib,note,part_contact,part_distance,part_dist_acc,part_dist_major,part_dist_lift,part_dist_macro,part_structure,part_structure_mse,part_mg,part_rigidity,part_fluctuation,part_base,part_lw,part_motif,part_balance,part_coev_frac,part_coev_norm,part_motif_gate,part_motif_eff,part_motif_top_share,part_n_lw,part_dist_n_class,part_n_pairs,part_torsion,part_tors_eta_mae,part_tors_eta_base,part_tors_eta_lift,part_tors_theta_mae,part_tors_theta_base,part_tors_theta_lift,part_tors_chi_tilde_mae,part_tors_chi_tilde_base,part_tors_chi_tilde_lift,part_n_eta,part_n_theta,part_n_chi_tilde,part_lw_acc,part_lw_major,part_lw_lift,part_lw_macro,part_lw_n_class,part_motif_acc,part_motif_major,part_motif_lift,part_motif_macro,part_motif_n_class,part_base_acc,part_base_major,part_base_lift,part_base_macro,part_base_n_class,part_mg_pos_rate,part_mg_auroc,part_rigidity_r,part_rigidity_base,part_rigidity_pred_sd,part_fluct_r,part_fluct_base,part_fluct_pred_sd,val_contact_ap,val_contact_ap_lift,val_contact_base_rate,val_contact_n,val_coev_frac,val_motif_eff,val_lw_acc,val_lw_major,val_lw_lift,val_lw_macro,val_lw_n_class,val_structure_loss,val_structure_mse,val_structure_violation,val_structure_bond_cn,val_structure_bond_pp,val_bond_cn_target_a,val_bond_pp_target_a,val_mg_base_rate,val_mg_average_precision,val_mg_ap_lift,val_mg_precision_at_calibrated_thr,val_mg_recall_at_calibrated_thr,val_rigidity_r_pooled,val_rigidity_n,val_motif_acc,val_motif_major,val_motif_lift,val_motif_macro,val_motif_n_class,val_tors_eta_mae_pooled,val_tors_eta_base_pooled,val_tors_eta_lift_pooled,val_tors_eta_n,val_tors_theta_mae_pooled,val_tors_theta_base_pooled,val_tors_theta_lift_pooled,val_tors_theta_n,val_tors_chi_tilde_mae_pooled,val_tors_chi_tilde_base_pooled,val_tors_chi_tilde_lift_pooled,val_tors_chi_tilde_n
20261010T032043Z,stage5_3d,step,2026-10-10T03:22:18+00:00,94.7,0,50,5.460769766948092e-05,7.921258,0,67.13,,0.512849,3.684375,0.030494,0.039213,-0.008719,0.029624,1.853694,111.003487,1.272088,0.393799,0.160409,,1.655143,0.795658,0.291513,0.066647,0.006526,0.047119,8.118131,0.283914,3742.0,40.0,247529.0,0.343102,24.859337,22.134789,-2.724548,29.045259,27.177933,-1.867327,19.140373,15.974483,-3.165891,12809.0,12914.0,12914.0,0.78915,0.793426,-0.004276,0.082884,12.0,0.668747,0.666734,0.002013,0.336178,3.0,,,,,,0.029776,0.696604,0.224647,0.409772,0.132307,0.060931,0.141022,0.157603,,,,,,,,,,,,,,,,,,,,,,,,,,,,,,,,,,,,,,,,,,
20261010T032043Z,stage5_3d,epoch,2026-10-10T03:23:18+00:00,155.1,0,76,0.00010355488253083298,7.206661,0,,,,,,,,,,,,,,,,,,,,,,,,,,,,,,,,,,,,,,,,,,,,,,,,,,,,,,,,,,,,,,0.6969,1.53,0.4541,609191,0.0252,2.7304,0.8522,0.8522,0.0,0.0905,11.2,1.5921,133.0081,5.6032,3.014,2.5892,3.38,6.01,0.0254,0.0386,1.52,0.0,0.0,0.0522,17704,0.6802,0.6925,-0.0123,0.3807,3.0,25.186,24.589,-0.597,82863,29.558,29.048,-0.51,83571,17.625,17.737,0.112,83571
20261010T032043Z,stage5_3d,step,2026-10-10T03:24:09+00:00,206.4,1,100,0.00014917500980188753,5.675025,0,67.13,,0.370906,3.574173,0.038263,0.042567,-0.004304,0.028299,1.415536,84.498886,1.194729,0.411753,0.158394,0.099725,0.745104,0.751524,0.24185,0.033218,0.044347,0.095703,2.36631,0.506008,4817.0,40.0,286861.0,0.357252,25.975071,24.713144,-1.261927,28.966055,28.312208,-0.653847,18.07202,17.606977,-0.465042,12817.0,12981.0,12981.0,0.837035,0.837035,0.0,0.083333,12.0,0.710312,0.71599,-0.005679,0.385344,3.0,1.0,1.0,-0.0,1.0,1.0,0.017783,0.7406,0.085395,0.408338,0.259725,0.127204,0.160146,0.107834,,,,,,,,,,,,,,,,,,,,,,,,,,,,,,,,,,,,,,,,,,
20261010T032043Z,stage5_3d,step,2026-10-10T03:25:46+00:00,303.3,1,150,0.00019987767195383136,5.053212,0,67.13,,0.354102,3.405499,0.086596,0.040574,0.046022,0.065807,1.148953,79.677345,1.030948,0.241875,0.091421,,0.511333,0.492913,0.276485,0.07426,0.119176,0.163086,3.468501,0.489402,3261.0,40.0,251415.0,0.256172,22.264366,22.276245,0.011879,23.487883,27.4536,3.965717,15.70056,15.872476,0.171916,13094.0,13199.0,13199.0,0.871818,0.792088,0.07973,0.298698,12.0,0.834917,0.661009,0.173908,0.706397,3.0,,,,,,0.026087,0.81103,0.663697,0.407884,0.592697,0.636523,0.143415,0.275327,,,,,,,,,,,,,,,,,,,,,,,,,,,,,,,,,,,,,,,,,,
20261010T032043Z,stage5_3d,epoch,2026-10-10T03:25:58+00:00,314.8,1,153,0.00019999998243887268,5.239177,0,,,,,,,,,,,,,,,,,,,,,,,,,,,,,,,,,,,,,,,,,,,,,,,,,,,,,,,,,,,,,,0.8051,1.77,0.4541,609191,0.0257,4.0943,0.8587,0.8526,0.0061,0.1289,11.2,1.1619,103.1529,3.3804,1.8271,1.5533,3.38,6.01,0.0254,0.0661,2.6,0.0,0.0,0.0946,17704,0.679,0.6925,-0.0135,0.4096,3.0,26.442,24.589,-1.853,82863,30.227,29.048,-1.179,83571,17.334,17.737,0.403,83571
20261010T032043Z,stage5_3d,step,2026-10-10T03:27:30+00:00,406.7,2,200,0.00019986877002170993,4.281878,0,67.13,,0.576873,3.298862,0.110288,0.087488,0.0228,0.04358,0.913231,75.144241,1.166131,0.327169,0.151209,,0.643206,0.824,0.24816,0.008502,0.206398,0.133789,9.01401,0.261995,5074.0,40.0,110918.0,0.364371,25.372934,23.70673,-1.666204,30.47237,29.478529,-0.993841,17.709423,18.22352,0.514097,13335.0,13368.0,13368.0,0.831297,0.812968,0.018329,0.132084,13.0,0.673004,0.672855,0.000149,0.373547,3.0,,,,,,0.028182,0.748921,0.525387,0.383833,0.391748,0.525979,0.171374,0.122265,,,,,,,,,,,,,,,,,,,,,,,,,,,,,,,,,,,,,,,,,,
20261010T032043Z,stage5_3d,epoch,2026-10-10T03:28:32+00:00,469.2,2,230,0.00019965107032740041,4.206826,0,,,,,,,,,,,,,,,,,,,,,,,,,,,,,,,,,,,,,,,,,,,,,,,,,,,,,,,,,,,,,,0.8201,1.81,0.4541,609191,0.0254,10.3531,0.8675,0.8523,0.0151,0.2132,11.2,0.7538,56.4062,2.253,1.312,0.941,3.38,6.01,0.0254,0.1131,4.46,0.4444,0.0018,0.11,17704,0.6869,0.6925,-0.0056,0.4135,3.0,25.596,24.589,-1.007,82863,29.979,29.048,-0.931,83571,17.109,17.737,0.628,83571
20261010T032043Z,stage5_3d,step,2026-10-10T03:29:12+00:00,508.8,3,250,0.00019944807296449558,3.884276,0,67.13,,0.290003,3.025219,0.172153,0.040873,0.13128,0.13029,0.556705,33.57954,0.709154,0.160544,0.058175,,0.298368,0.287434,0.471891,0.066669,0.277228,0.242188,4.944742,0.39265,3457.0,40.0,245511.0,0.148609,14.867505,22.501696,7.634191,16.253132,27.370556,11.117424,11.881584,16.186308,4.304724,12859.0,12961.0,12961.0,0.919583,0.776685,0.142898,0.535306,12.0,0.917597,0.653754,0.263843,0.83875,3.0,,,,,,0.027002,0.92014,0.795335,0.398435,0.687154,0.801685,0.144303,0.438067,,,,,,,,,,,,,,,,,,,,,,,,,,,,,,,,,,,,,,,,,,
20261010T032043Z,stage5_3d,step,2026-10-10T03:30:45+00:00,602.0,3,300,0.00019873878121600698,3.692596,0,67.13,,0.282258,2.940207,0.173805,0.039069,0.134736,0.134193,0.497614,32.152222,0.723461,0.206539,0.08152,,0.290653,0.327226,0.244479,0.071569,0.351279,0.265625,4.998029,0.368116,3574.0,40.0,247941.0,0.17698,16.910858,22.341452,5.430593,18.412861,27.518559,9.105698,12.046328,16.017456,3.971128,12746.0,12856.0,12856.0,0.91718,0.79211,0.12507,0.544515,12.0,0.889403,0.673045,0.216358,0.769938,3.0,,,,,,0.023152,0.927627,0.737055,0.406706,0.688,0.693441,0.14512,0.433287,,,,,,,,,,,,,,,,,,,,,,,,,,,,,,,,,,,,,,,,,,
20261010T032043Z,stage5_3d,epoch,2026-10-10T03:31:05+00:00,622.4,3,307,0.00019861655747453505,3.74706,0,,,,,,,,,,,,,,,,,,,,,,,,,,,,,,,,,,,,,,,,,,,,,,,,,,,,,,,,,,,,,,0.8311,1.83,0.4541,609191,0.0255,7.0665,0.8716,0.8531,0.0185,0.2267,11.2,0.6732,46.1763,2.458,1.7249,0.733,3.38,6.01,0.0254,0.1526,6.01,0.4615,0.0028,0.1308,17704,0.6896,0.6925,-0.0029,0.4235,3.0,25.096,24.589,-0.507,82863,29.418,29.048,-0.37,83571,17.102,17.737,0.635,83571
20261010T032043Z,stage5_3d,step,2026-10-10T03:32:24+00:00,700.9,4,350,0.00019774295312338373,3.570068,0,67.14,,0.273613,2.845155,0.198226,0.039672,0.158554,0.153607,0.537367,41.426414,0.735713,0.183246,0.067315,,0.300629,0.371991,0.237449,0.062483,0.416453,0.234375,4.92857,0.321995,3368.0,40.0,244724.0,0.18777,16.368952,22.296133,5.927181,19.100916,27.331751,8.230835,13.073566,16.099276,3.025709,12883.0,12987.0,12987.0,0.906473,0.790974,0.115499,0.576403,11.0,0.870524,0.679476,0.191048,0.738922,3.0,,,,,,0.033519,0.913346,0.764202,0.408766,0.710343,0.738979,0.132018,0.402013,,,,,,,,,,,,,,,,,,,,,,,,,,,,,,,,,,,,,,,,,,
20261010T032043Z,stage5_3d,epoch,2026-10-10T03:33:36+00:00,772.8,4,384,0.00019690356137157461,3.531625,0,,,,,,,,,,,,,,,,,,,,,,,,,,,,,,,,,,,,,,,,,,,,,,,,,,,,,,,,,,,,,,0.8429,1.86,0.4541,609191,0.0253,6.9565,0.8747,0.853,0.0217,0.2529,11.2,0.512,38.1287,1.5189,0.9234,0.5955,3.38,6.01,0.0254,0.1219,4.8,0.6111,0.0101,0.1406,17704,0.7026,0.6925,0.0101,0.4181,3.0,24.907,24.589,-0.318,82863,28.771,29.048,0.277,83571,17.498,17.737,0.239,83571
20261010T032043Z,stage5_3d,step,2026-10-10T03:34:11+00:00,808.0,5,400,0.00019646347855516053,3.434301,0,67.16,,0.483067,3.171685,0.14398,0.102862,0.041117,0.051663,0.590844,54.046494,0.987749,0.291139,0.094412,,0.5445,0.752499,0.203079,0.015258,0.480081,0.08252,8.668357,0.247125,4852.0,40.0,108269.0,0.350164,25.390793,23.329439,-2.061354,29.130255,28.813877,-0.316378,17.945892,16.896561,-1.049332,12838.0,12893.0,12893.0,0.847898,0.80709,0.040808,0.236279,12.0,0.694304,0.677002,0.017302,0.398577,3.0,,,,,,0.021972,0.858061,0.678684,0.387968,0.413953,0.730803,0.171646,0.318606,,,,,,,,,,,,,,,,,,,,,,,,,,,,,,,,,,,,,,,,,,
20261010T032043Z,stage5_3d,step,2026-10-10T03:35:46+00:00,903.1,5,450,0.00019490407051494014,3.356059,0,67.16,,0.488267,3.263509,0.105581,0.059835,0.045746,0.050716,0.591075,47.452232,1.001073,0.253885,0.095861,,0.518686,0.76196,0.206845,0.00835,0.548516,0.070312,6.781859,0.274084,5099.0,40.0,112929.0,0.359913,24.577589,24.280457,-0.297132,29.871502,29.888693,0.017191,18.382324,18.295662,-0.086662,13315.0,13348.0,13348.0,0.857227,0.815258,0.041969,0.254436,11.0,0.679678,0.667065,0.012613,0.376055,3.0,,,,,,0.026495,0.826152,0.664643,0.400528,0.468628,0.694658,0.167775,0.483443,,,,,,,,,,,,,,,,,,,,,,,,,,,,,,,,,,,,,,,,,,
20261010T032043Z,stage5_3d,epoch,2026-10-10T03:36:10+00:00,926.9,5,460,0.00019455898096474967,3.359073,0,,,,,,,,,,,,,,,,,,,,,,,,,,,,,,,,,,,,,,,,,,,,,,,,,,,,,,,,,,,,,,0.8526,1.88,0.4541,609191,0.0256,6.3971,0.8727,0.8535,0.0193,0.2682,11.2,0.5017,35.5508,1.5705,0.9567,0.6138,3.38,6.01,0.0254,0.1558,6.14,0.5333,0.0074,0.1441,17704,0.7049,0.6925,0.0124,0.4296,3.0,24.745,24.589,-0.156,82863,28.638,29.048,0.41,83571,18.216,17.737,-0.478,83571
20261010T032043Z,stage5_3d,step,2026-10-10T03:37:33+00:00,1010.4,6,500,0.0001930692543663488,3.215518,0,67.16,,0.31802,3.123786,0.085179,0.076715,0.008464,0.040749,0.451867,22.86552,0.918818,0.407504,0.156992,0.000136,0.407762,0.738625,0.251768,0.042404,0.611371,0.142578,5.919941,0.363144,6042.0,40.0,255681.0,0.383581,26.442997,25.699749,-0.743248,30.791941,30.27651,-0.51543,18.817196,18.744148,-0.073048,12341.0,12709.0,12709.0,0.87769,0.849553,0.028136,0.255373,12.0,0.702575,0.693119,0.009456,0.413287,3.0,1.0,1.0,0.0,1.0,1.0,0.007892,0.829616,0.158111,0.404332,0.330601,0.18875,0.158077,0.18385,,,,,,,,,,,,,,,,,,,,,,,,,,,,,,,,,,,,,,,,,,
20261010T032043Z,stage5_3d,epoch,2026-10-10T03:38:49+00:00,1086.1,6,537,0.00019153728343843484,3.234879,0,,,,,,,,,,,,,,,,,,,,,,,,,,,,,,,,,,,,,,,,,,,,,,,,,,,,,,,,,,,,,,0.8509,1.87,0.4541,609191,0.0255,6.7381,0.8754,0.8534,0.022,0.2772,11.2,0.4771,36.211,1.4162,0.9153,0.5009,3.38,6.01,0.0254,0.1805,7.11,0.3846,0.0138,0.139,17704,0.7077,0.6925,0.0152,0.4384,3.0,24.5,24.589,0.089,82863,28.457,29.048,0.591,83571,16.836,17.737,0.901,83571
20261010T032043Z,stage5_3d,step,2026-10-10T03:39:18+00:00,1115.0,7,550,0.00019096435470054239,3.210232,0,67.16,,0.22078,2.469711,0.249917,0.040491,0.209425,0.195253,0.417309,24.685667,0.80234,0.161407,0.054412,,0.226521,0.235545,0.240758,0.072312,0.670192,0.291016,6.02344,0.27497,3449.0,40.0,243336.0,0.143685,13.936254,22.431351,8.495097,15.689462,27.736462,12.047,11.17746,16.195982,5.018522,12915.0,13018.0,13018.0,0.930995,0.780226,0.150768,0.700543,11.0,0.920305,0.668292,0.252014,0.841216,3.0,,,,,,0.022722,0.901313,0.79926,0.404891,0.761796,0.78985,0.135949,0.43587,,,,,,,,,,,,,,,,,,,,,,,,,,,,,,,,,,,,,,,,,,
20261010T032043Z,stage5_3d,step,2026-10-10T03:40:45+00:00,1202.3,7,600,0.0001885954798843747,3.135111,0,67.16,,0.462486,3.14968,0.131602,0.077058,0.054544,0.057615,0.508204,32.513416,0.884052,0.193615,0.081527,0.000121,0.520069,0.73677,0.222544,0.01145,0.737144,0.083008,6.544293,0.245186,4969.0,40.0,111177.0,0.342174,23.896116,23.578775,-0.317341,28.88904,29.032396,0.143356,15.720507,16.661245,0.940739,12985.0,13024.0,13024.0,0.847857,0.795734,0.052123,0.265462,12.0,0.695914,0.670027,0.025888,0.402759,3.0,1.0,1.0,0.0,1.0,1.0,0.02985,0.869254,0.750766,0.380884,0.616438,0.755513,0.171882,0.491445,,,,,,,,,,,,,,,,,,,,,,,,,,,,,,,,,,,,,,,,,,
20261010T032043Z,stage5_3d,epoch,2026-10-10T03:41:24+00:00,1240.8,7,614,0.00018788580836075964,3.187062,0,,,,,,,,,,,,,,,,,,,,,,,,,,,,,,,,,,,,,,,,,,,,,,,,,,,,,,,,,,,,,,0.8592,1.89,0.4541,609191,0.0256,6.0269,0.8748,0.8527,0.0222,0.3079,11.2,0.4772,33.998,1.523,1.01,0.513,3.38,6.01,0.0254,0.2287,9.01,0.6604,0.0322,0.1493,17704,0.7145,0.6925,0.022,0.4456,3.0,24.474,24.589,0.116,82863,28.442,29.048,0.606,83571,17.397,17.737,0.34,83571
20261010T032043Z,stage5_3d,step,2026-10-10T03:42:35+00:00,1311.9,8,650,0.00018596950433406742,3.228474,0,67.16,,0.20255,2.322354,0.271177,0.03832,0.232857,0.214175,0.381232,23.672287,0.72337,0.171271,0.05569,,0.212966,0.205143,0.259871,0.068132,0.793316,0.253906,6.296299,0.286785,3458.0,40.0,251394.0,0.110086,11.682419,21.758713,10.076294,13.902962,27.143492,13.24053,10.079342,15.669431,5.590089,12972.0,13075.0,13075.0,0.933198,0.773569,0.15963,0.678805,12.0,0.932796,0.654839,0.277957,0.871281,3.0,,,,,,0.03199,0.914751,0.786922,0.408831,0.793005,0.793428,0.133951,0.413436,,,,,,,,,,,,,,,,,,,,,,,,,,,,,,,,,,,,,,,,,,
20261010T032043Z,stage5_3d,epoch,2026-10-10T03:43:52+00:00,1389.6,8,691,0.0001836296780315763,3.112175,0,,,,,,,,,,,,,,,,,,,,,,,,,,,,,,,,,,,,,,,,,,,,,,,,,,,,,,,,,,,,,,0.8551,1.88,0.4541,609191,0.0255,6.8407,0.8811,0.8538,0.0273,0.3008,11.2,0.4498,32.8958,1.3832,0.9175,0.4657,3.38,6.01,0.0254,0.1736,6.84,0.5938,0.0262,0.1592,17704,0.7184,0.6925,0.0259,0.4422,3.0,25.052,24.589,-0.462,82863,28.535,29.048,0.513,83571,17.443,17.737,0.294,83571
20261010T032043Z,stage5_3d,step,2026-10-10T03:44:15+00:00,1411.9,9,700,0.00018309404856582415,3.302727,0,67.16,,0.281525,3.072958,0.100984,0.048288,0.052697,0.089355,0.395784,26.747442,0.44323,0.323321,0.132488,5.3e-05,0.352599,0.563194,0.24428,0.036345,0.852039,0.150391,8.033752,0.233221,1298.0,40.0,78415.0,0.315624,23.344147,24.32156,0.977413,26.874502,28.387753,1.51325,16.649874,17.707266,1.057392,3444.0,3501.0,3501.0,0.905239,0.825116,0.080123,0.553224,10.0,0.784884,0.700734,0.084149,0.562781,3.0,1.0,1.0,0.0,1.0,1.0,0.024829,0.974403,0.484411,0.419898,0.413187,0.509082,0.163248,0.488619,,,,,,,,,,,,,,,,,,,,,,,,,,,,,,,,,,,,,,,,,,
20261010T032043Z,stage5_3d,step,2026-10-10T03:45:46+00:00,1503.4,9,750,0.00017997745708128046,2.97854,0,67.16,,0.430332,3.11475,0.12715,0.069447,0.057703,0.063568,0.57828,53.74136,0.7202,0.194218,0.093819,,0.376763,0.654958,0.221916,0.006314,0.912897,0.072266,5.48674,0.305644,4945.0,40.0,109755.0,0.33978,23.12896,23.24761,0.11865,29.435015,29.205318,-0.229696,18.531837,17.513401,-1.018436,12999.0,13043.0,13043.0,0.892821,0.825683,0.067139,0.429068,11.0,0.747605,0.685551,0.062053,0.50828,3.0,,,,,,0.040228,0.917659,0.716298,0.381628,0.716688,0.702348,0.177087,0.549088,,,,,,,,,,,,,,,,,,,,,,,,,,,,,,,,,,,,,,,,,,
20261010T032043Z,stage5_3d,epoch,2026-10-10T03:46:23+00:00,1540.3,9,767,0.00017886447227021072,3.029232,0,,,,,,,,,,,,,,,,,,,,,,,,,,,,,,,,,,,,,,,,,,,,,,,,,,,,,,,,,,,,,,0.8626,1.9,0.4541,609191,0.0256,6.9043,0.8818,0.8535,0.0284,0.2891,11.2,0.4272,30.699,1.2782,0.8265,0.4517,3.38,6.01,0.0254,0.2354,9.28,0.4831,0.0722,0.1644,17704,0.7195,0.6925,0.027,0.4617,3.0,24.349,24.589,0.241,82863,28.35,29.048,0.698,83571,16.248,17.737,1.489,83571
20261010T032043Z,stage5_3d,step,2026-10-10T03:47:32+00:00,1609.3,10,800,0.0001766287741519663,3.099549,0,67.16,,0.426009,3.043017,0.157403,0.099419,0.057984,0.052342,0.548667,48.530975,0.588545,,,,0.561651,0.827687,0.260906,0.006551,0.970328,0.048584,4.229452,0.339597,4326.0,40.0,94188.0,0.456721,30.844069,30.512505,-0.331564,34.980274,34.55706,-0.423214,20.575079,21.514357,0.939278,13533.0,13556.0,13556.0,0.839575,0.803282,0.036292,0.213706,13.0,0.634958,0.631939,0.003019,0.389964,3.0,,,,,,0.024591,0.944439,,,,,,,,,,,,,,,,,,,,,,,,,,,,,,,,,,,,,,,,,,,,,,,,
20261010T032043Z,stage5_3d,epoch,2026-10-10T03:49:05+00:00,1702.0,10,844,0.0001734976486180134,2.986222,0,,,,,,,,,,,,,,,,,,,,,,,,,,,,,,,,,,,,,,,,,,,,,,,,,,,,,,,,,,,,,,0.8645,1.9,0.4541,609191,0.0254,6.4116,0.8859,0.8525,0.0334,0.3279,11.2,0.5143,35.8936,1.9244,1.2815,0.643,3.38,6.01,0.0254,0.2419,9.53,0.502,0.058,0.1571,17704,0.727,0.6925,0.0345,0.4553,3.0,24.189,24.589,0.4,82863,28.196,29.048,0.852,83571,16.961,17.737,0.776,83571
20261010T032043Z,stage5_3d,step,2026-10-10T03:49:20+00:00,1716.7,11,850,0.00017305771757305323,2.984073,0,67.16,,0.191928,2.186616,0.310633,0.03934,0.271293,0.24584,0.385929,29.517704,0.557725,0.159439,0.064222,,0.215517,0.219573,0.261777,0.07639,1.028624,0.257812,9.548126,0.221999,3414.0,40.0,246235.0,0.127287,12.319902,22.916569,10.596666,14.381898,27.790104,13.408206,10.228228,16.348087,6.11986,12894.0,13001.0,13001.0,0.931166,0.780609,0.150557,0.620791,12.0,0.92598,0.653044,0.272936,0.864155,3.0,,,,,,0.024411,0.950162,0.796125,0.390857,0.822453,0.786257,0.147851,0.454514,,,,,,,,,,,,,,,,,,,,,,,,,,,,,,,,,,,,,,,,,,
20261010T032043Z,stage5_3d,step,2026-10-10T03:50:53+00:00,1810.2,11,900,0.00016927465046255293,2.92541,0,67.16,,0.187758,2.144312,0.322561,0.040848,0.281713,0.256381,0.359052,26.166748,0.607995,0.155647,0.059028,,0.177233,0.220601,0.385143,0.078007,1.077809,0.237305,9.561363,0.210621,3788.0,40.0,244169.0,0.105151,10.47402,21.990133,11.516113,12.368079,27.115803,14.747724,9.148695,16.33337,7.184675,12602.0,12703.0,12703.0,0.946146,0.783263,0.162883,0.808366,11.0,0.924824,0.640335,0.28449,0.865878,3.0,,,,,,0.025623,0.943665,0.799905,0.405903,0.787599,0.756535,0.135325,0.419071,,,,,,,,,,,,,,,,,,,,,,,,,,,,,,,,,,,,,,,,,,
20261010T032043Z,stage5_3d,epoch,2026-10-10T03:51:41+00:00,1858.5,11,921,0.00016762516084958573,2.931384,0,,,,,,,,,,,,,,,,,,,,,,,,,,,,,,,,,,,,,,,,,,,,,,,,,,,,,,,,,,,,,,0.8661,1.91,0.4541,609191,0.0255,5.8559,0.8831,0.8524,0.0307,0.3369,11.2,0.4175,29.4389,1.3139,0.8936,0.4203,3.38,6.01,0.0254,0.2226,8.77,0.4896,0.0759,0.1398,17704,0.7243,0.6925,0.0318,0.4817,3.0,24.195,24.589,0.394,82863,28.199,29.048,0.849,83571,16.444,17.737,1.293,83571
20261010T032043Z,stage5_3d,step,2026-10-10T03:52:37+00:00,1914.6,12,950,0.00016529055118780448,2.809276,0,67.16,,0.178512,2.096382,0.341336,0.039269,0.302067,0.271806,0.360056,18.944916,0.54065,0.119413,0.048739,,0.190584,0.224618,0.387302,0.06434,1.130952,0.248047,10.590779,0.199667,3006.0,40.0,247201.0,0.098613,10.286352,22.44215,12.155798,11.713561,27.278683,15.565122,8.5253,15.825274,7.299973,12993.0,13097.0,13097.0,0.943779,0.786094,0.157685,0.812295,11.0,0.922681,0.683121,0.23956,0.844323,3.0,,,,,,0.032251,0.95025,0.851827,0.400679,0.847976,0.830664,0.141472,0.445901,,,,,,,,,,,,,,,,,,,,,,,,,,,,,,,,,,,,,,,,,,
20261010T032043Z,stage5_3d,epoch,2026-10-10T03:54:14+00:00,2011.2,12,997,0.00016137252044454205,2.846342,0,,,,,,,,,,,,,,,,,,,,,,,,,,,,,,,,,,,,,,,,,,,,,,,,,,,,,,,,,,,,,,0.8706,1.92,0.4541,609191,0.0255,6.0965,0.8869,0.8534,0.0335,0.3232,11.2,0.3932,28.8836,1.1062,0.6831,0.4231,3.38,6.01,0.0254,0.2416,9.52,0.4193,0.2019,0.1585,17704,0.7279,0.6925,0.0354,0.4752,3.0,24.254,24.589,0.336,82863,28.161,29.048,0.887,83571,17.636,17.737,0.101,83571
20261010T032043Z,stage5_3d,step,2026-10-10T03:54:24+00:00,2021.0,13,1000,0.00016111698150652357,2.496722,0,67.16,,0.190542,2.204766,0.280599,0.038665,0.241935,0.229815,0.354663,23.390118,0.659789,0.176843,0.05973,,0.242619,0.27767,0.25532,0.074055,1.177915,0.289062,10.12092,0.232772,3533.0,40.0,250842.0,0.128151,12.750627,22.374395,9.623769,14.867939,27.532217,12.664278,10.302252,16.070265,5.768013,12807.0,12910.0,12910.0,0.925842,0.789414,0.136428,0.651817,11.0,0.909731,0.640312,0.26942,0.846545,3.0,,,,,,0.028427,0.928079,0.772886,0.413869,0.751468,0.770206,0.134137,0.395812,,,,,,,,,,,,,,,,,,,,,,,,,,,,,,,,,,,,,,,,,,
20261010T032043Z,stage5_3d,step,2026-10-10T03:55:54+00:00,2111.3,13,1050,0.00015676605301486702,2.837616,0,67.16,,0.291723,3.094629,0.088625,0.063211,0.025414,0.06152,0.400526,20.537893,0.474748,0.354976,0.139345,3e-06,0.287409,0.576588,0.246759,0.040642,1.226964,0.115234,7.218761,0.232906,5186.0,40.0,274175.0,0.3926,28.002054,27.897331,-0.104723,31.177204,31.523024,0.345819,18.005426,19.263903,1.258476,12876.0,13120.0,13120.0,0.923833,0.878712,0.045121,0.367504,12.0,0.786397,0.752794,0.033603,0.472483,3.0,1.0,1.0,0.0,1.0,1.0,0.015658,0.969642,0.332424,0.390249,0.334675,0.432802,0.165252,0.263846,,,,,,,,,,,,,,,,,,,,,,,,,,,,,,,,,,,,,,,,,,
20261010T032043Z,stage5_3d,epoch,2026-10-10T03:56:45+00:00,2162.0,13,1074,0.00015461829828835688,2.846882,0,,,,,,,,,,,,,,,,,,,,,,,,,,,,,,,,,,,,,,,,,,,,,,,,,,,,,,,,,,,,,,0.8727,1.92,0.4541,609191,0.0255,5.9323,0.8873,0.8534,0.0339,0.3128,11.2,0.4114,29.1253,1.2569,0.835,0.4219,3.38,6.01,0.0254,0.2574,10.14,0.5761,0.0488,0.1662,17704,0.7336,0.6925,0.0411,0.4678,3.0,24.061,24.589,0.528,82863,28.119,29.048,0.929,83571,16.542,17.737,1.195,83571
20261010T032043Z,stage5_3d,step,2026-10-10T03:57:38+00:00,2215.4,14,1100,0.00015225039199987976,2.892396,0,67.16,,0.400658,3.037684,0.135371,0.062106,0.073265,0.075492,0.420308,30.352818,0.552144,0.146778,0.050551,,0.348376,0.609376,0.212739,0.008363,1.269214,0.068848,4.581647,0.319204,5253.0,40.0,118144.0,0.334459,23.632698,24.132166,0.499468,28.967373,29.894625,0.927252,16.274143,17.756493,1.482349,13851.0,13893.0,13893.0,0.893965,0.812298,0.081668,0.422535,12.0,0.756162,0.676268,0.079894,0.52817,3.0,,,,,,0.019561,0.956834,0.831341,0.398908,0.73857,0.854355,0.165199,0.558651,,,,,,,,,,,,,,,,,,,,,,,,,,,,,,,,,,,,,,,,,,
20261010T032043Z,stage5_3d,step,2026-10-10T03:59:12+00:00,2309.4,14,1150,0.0001475831027983218,2.733775,0,67.16,,0.354862,2.982442,0.139175,0.080521,0.058653,0.051025,0.412496,24.539566,0.876038,,,,0.376047,0.757915,0.486636,0.005689,1.312965,0.040527,3.389206,0.410231,4026.0,40.0,96670.0,0.417352,28.753181,28.576488,-0.176693,32.969231,33.370312,0.401081,17.3629,18.52766,1.164761,14692.0,14708.0,14708.0,0.88152,0.821659,0.059861,0.449617,10.0,0.688388,0.636509,0.051879,0.435298,3.0,,,,,,0.04693,0.872596,,,,,,,,,,,,,,,,,,,,,,,,,,,,,,,,,,,,,,,,,,,,,,,,
20261010T032043Z,stage5_3d,epoch,2026-10-10T03:59:20+00:00,2317.1,14,1151,0.00014748830272857288,2.795341,0,,,,,,,,,,,,,,,,,,,,,,,,,,,,,,,,,,,,,,,,,,,,,,,,,,,,,,,,,,,,,,0.8755,1.93,0.4541,609191,0.0252,6.2943,0.8861,0.8529,0.0332,0.3358,11.2,0.3968,27.7422,1.2212,0.7485,0.4727,3.38,6.01,0.0254,0.321,12.65,0.6696,0.0699,0.1647,17704,0.7336,0.6925,0.0411,0.4828,3.0,23.95,24.589,0.639,82863,27.935,29.048,1.113,83571,16.533,17.737,1.204,83571
20261010T032043Z,stage5_3d,step,2026-10-10T04:00:53+00:00,2410.4,15,1200,0.00014277772976820628,2.748209,0,67.16,,0.4039,2.966841,0.164724,0.09718,0.067544,0.060226,0.344883,16.756643,0.60716,,,,0.38732,0.72481,0.367063,0.005262,1.348175,0.037598,3.196119,0.407072,5193.0,40.0,96354.0,0.352979,24.744013,24.223713,-0.5203,29.16374,29.166111,0.002371,17.582769,18.204166,0.621397,13881.0,13901.0,13901.0,0.885423,0.815136,0.070287,0.331453,13.0,0.71211,0.67871,0.0334,0.446671,3.0,,,,,,0.026433,0.939996,,,,,,,,,,,,,,,,,,,,,,,,,,,,,,,,,,,,,,,,,,,,,,,,
20261010T032043Z,stage5_3d,epoch,2026-10-10T04:01:53+00:00,2470.3,15,1227,0.00014013030728498587,2.740486,0,,,,,,,,,,,,,,,,,,,,,,,,,,,,,,,,,,,,,,,,,,,,,,,,,,,,,,,,,,,,,,0.8714,1.92,0.4541,609191,0.0254,5.5674,0.889,0.8529,0.0361,0.3344,11.2,0.3857,28.1598,1.0985,0.6938,0.4047,3.38,6.01,0.0254,0.3118,12.29,0.637,0.0823,0.1649,17704,0.7362,0.6925,0.0437,0.4835,3.0,23.935,24.589,0.655,82863,27.615,29.048,1.432,83571,17.101,17.737,0.636,83571
20261010T032043Z,stage5_3d,step,2026-10-10T04:02:40+00:00,2517.2,16,1250,0.00013784821798340722,2.776593,0,67.16,,0.165386,1.986526,0.345488,0.04185,0.303638,0.280192,0.320648,17.369366,0.598068,0.1668,0.063773,,0.222639,0.231816,0.273699,0.072664,1.384232,0.279297,12.487768,0.172991,3366.0,40.0,243643.0,0.112021,11.498692,22.070475,10.571783,13.666131,27.532518,13.866387,10.06519,16.331728,6.266538,12752.0,12853.0,12853.0,0.935235,0.7959,0.139334,0.751269,11.0,0.922294,0.66169,0.260604,0.863235,3.0,,,,,,0.026856,0.941439,0.781146,0.405451,0.834675,0.727331,0.133286,0.446072,,,,,,,,,,,,,,,,,,,,,,,,,,,,,,,,,,,,,,,,,,
20261010T032043Z,stage5_3d,step,2026-10-10T04:04:08+00:00,2605.0,16,1300,0.00013280887276539933,2.724445,0,67.16,,0.152271,1.918288,0.356133,0.040464,0.315669,0.291897,0.291428,21.832142,0.541408,0.142747,0.051253,,0.165288,0.162178,0.271566,0.071574,1.421306,0.285156,12.352826,0.163465,3690.0,40.0,244683.0,0.088023,9.944088,21.979288,12.0352,11.354612,27.419106,16.064493,8.60984,15.57457,6.964729,12736.0,12844.0,12844.0,0.94607,0.779133,0.166938,0.719151,12.0,0.946142,0.656208,0.289934,0.889601,3.0,,,,,,0.024682,0.953667,0.833402,0.398923,0.802338,0.835119,0.139286,0.510747,,,,,,,,,,,,,,,,,,,,,,,,,,,,,,,,,,,,,,,,,,
20261010T032043Z,stage5_3d,epoch,2026-10-10T04:04:25+00:00,2622.6,16,1304,0.00013240141634653912,2.729588,0,,,,,,,,,,,,,,,,,,,,,,,,,,,,,,,,,,,,,,,,,,,,,,,,,,,,,,,,,,,,,,0.8743,1.93,0.4541,609191,0.0255,5.31,0.8866,0.8529,0.0337,0.3738,11.2,0.3888,28.9478,1.0869,0.687,0.3999,3.38,6.01,0.0254,0.32,12.61,0.574,0.1159,0.1711,17704,0.7358,0.6925,0.0433,0.4999,3.0,23.943,24.589,0.646,82863,27.522,29.048,1.526,83571,16.524,17.737,1.213,83571
20261010T032043Z,stage5_3d,step,2026-10-10T04:05:53+00:00,2710.6,17,1350,0.00012767431816956823,2.702004,0,67.16,,0.396237,3.009354,0.127655,0.08114,0.046514,0.049583,0.340126,21.386929,0.898077,,,,0.373805,0.742167,0.463807,0.005949,1.447567,0.035645,3.86045,0.397432,4643.0,40.0,100012.0,0.40591,28.546249,28.50452,-0.041729,32.934402,33.479023,0.544621,17.971291,17.916048,-0.055243,14883.0,14899.0,14899.0,0.880465,0.803575,0.07689,0.501934,11.0,0.681183,0.615357,0.065826,0.455785,3.0,,,,,,0.047804,0.860489,,,,,,,,,,,,,,,,,,,,,,,,,,,,,,,,,,,,,,,,,,,,,,,,
20261010T032043Z,stage5_3d,epoch,2026-10-10T04:06:53+00:00,2769.9,17,1381,0.00012444960507292463,2.701372,0,,,,,,,,,,,,,,,,,,,,,,,,,,,,,,,,,,,,,,,,,,,,,,,,,,,,,,,,,,,,,,0.8808,1.94,0.4541,609191,0.0257,5.3988,0.8918,0.8528,0.039,0.3553,11.2,0.3743,27.0829,1.0546,0.6828,0.3718,3.38,6.01,0.0254,0.329,12.96,0.5944,0.1477,0.1666,17704,0.7374,0.6925,0.0449,0.5076,3.0,23.639,24.589,0.951,82863,27.53,29.048,1.518,83571,16.655,17.737,1.082,83571
20261010T032043Z,stage5_3d,step,2026-10-10T04:07:33+00:00,2809.8,18,1400,0.00012245945454656318,2.527135,0,67.16,,0.1439,1.81735,0.381937,0.041653,0.340284,0.318649,0.279023,15.610674,0.528293,0.133114,0.045246,,0.156069,0.127807,0.288727,0.077176,1.479573,0.304688,12.582901,0.158223,3818.0,40.0,249521.0,0.074331,8.943974,21.770164,12.82619,10.255176,26.679438,16.424262,8.282087,15.495816,7.213729,12828.0,12935.0,12935.0,0.948402,0.784704,0.163698,0.786982,11.0,0.961087,0.65693,0.304157,0.931295,3.0,,,,,,0.025051,0.954836,0.838245,0.416263,0.827659,0.823092,0.133292,0.448795,,,,,,,,,,,,,,,,,,,,,,,,,,,,,,,,,,,,,,,,,,
20261010T032043Z,stage5_3d,step,2026-10-10T04:09:07+00:00,2904.6,18,1450,0.00011717941530184711,2.698757,0,67.16,,0.368287,2.979548,0.14175,0.082551,0.059199,0.054865,0.408214,39.082607,1.072573,,,0.0,0.330318,0.70304,0.419396,0.003687,1.508664,0.04834,3.421592,0.421076,4217.0,40.0,104955.0,0.421986,29.550079,29.488831,-0.061249,33.558117,34.223408,0.665291,17.450439,18.44054,0.990101,15655.0,15676.0,15676.0,0.895423,0.818829,0.076595,0.501977,11.0,0.708678,0.63009,0.078587,0.517485,3.0,1.0,1.0,0.0,1.0,1.0,0.059889,0.837277,,,,,,,,,,,,,,,,,,,,,,,,,,,,,,,,,,,,,,,,,,,,,,,,
20261010T032043Z,stage5_3d,epoch,2026-10-10T04:09:33+00:00,2930.1,18,1458,0.00011632958225522917,2.664227,0,,,,,,,,,,,,,,,,,,,,,,,,,,,,,,,,,,,,,,,,,,,,,,,,,,,,,,,,,,,,,,0.8796,1.94,0.4541,609191,0.0256,5.7016,0.8912,0.8524,0.0388,0.3761,11.2,0.3528,27.284,0.8739,0.5241,0.3498,3.38,6.01,0.0254,0.304,11.98,0.5478,0.0975,0.1635,17704,0.7409,0.6925,0.0484,0.4981,3.0,23.589,24.589,1.001,82863,27.421,29.048,1.627,83571,16.458,17.737,1.279,83571
20261010T032043Z,stage5_3d,step,2026-10-10T04:10:58+00:00,3014.7,19,1500,0.00011184952297892776,2.629119,0,67.16,,0.163028,1.908535,0.374939,0.039177,0.335762,0.315325,0.254944,14.753482,0.599364,0.126812,0.04803,,0.155407,0.198474,0.356538,0.073552,1.532315,0.275391,12.442842,0.16686,3834.0,40.0,249293.0,0.099233,10.186842,22.020163,11.833321,11.854858,27.163563,15.308704,8.974975,16.237247,7.262273,12591.0,12693.0,12693.0,0.950965,0.792123,0.158842,0.819695,11.0,0.935025,0.649154,0.285871,0.888586,3.0,,,,,,0.02895,0.945309,0.843954,0.399124,0.830902,0.829446,0.137554,0.453007,,,,,,,,,,,,,,,,,,,,,,,,,,,,,,,,,,,,,,,,,,
20261010T032043Z,stage5_3d,epoch,2026-10-10T04:12:09+00:00,3085.7,19,1535,0.00010809721398693369,2.607771,0,,,,,,,,,,,,,,,,,,,,,,,,,,,,,,,,,,,,,,,,,,,,,,,,,,,,,,,,,,,,,,0.8813,1.94,0.4541,609191,0.0254,5.8696,0.896,0.8544,0.0417,0.3768,11.2,0.3698,26.7406,1.0807,0.7482,0.3325,3.38,6.01,0.0254,0.3473,13.69,0.5928,0.1661,0.1703,17704,0.7375,0.6925,0.045,0.5074,3.0,23.605,24.589,0.985,82863,27.414,29.048,1.634,83571,16.216,17.737,1.521,83571
20261010T032043Z,stage5_3d,step,2026-10-10T04:12:40+00:00,3117.0,20,1550,0.00010648524479371483,2.416361,0,67.16,,0.157767,1.898602,0.369898,0.042046,0.327852,0.305357,0.270952,19.072662,0.493319,0.10999,0.041048,,0.165184,0.194598,0.254367,0.080291,1.559705,0.291016,13.265962,0.141813,3680.0,40.0,245620.0,0.101871,10.52801,22.483366,11.955356,12.311529,27.756048,15.444519,9.436471,16.294363,6.857892,12801.0,12904.0,12904.0,0.944022,0.797826,0.146196,0.687657,12.0,0.936842,0.662652,0.27419,0.889721,3.0,,,,,,0.027657,0.958287,0.863345,0.403392,0.860677,0.838945,0.133121,0.460648,,,,,,,,,,,,,,,,,,,,,,,,,,,,,,,,,,,,,,,,,,
20261010T032043Z,stage5_3d,step,2026-10-10T04:14:11+00:00,3207.8,20,1600,0.00010110214774904131,2.643343,0,67.16,,0.16325,1.928819,0.35725,0.03895,0.3183,0.298756,0.257174,16.387159,0.599316,0.167973,0.060386,,0.189722,0.203047,0.274332,0.073255,1.580711,0.300781,12.953585,0.149728,3294.0,40.0,246521.0,0.101881,10.751141,21.616562,10.865421,12.699986,27.009277,14.309291,9.423928,15.69476,6.270832,12556.0,12659.0,12659.0,0.94323,0.795386,0.147845,0.725192,12.0,0.92973,0.649001,0.280729,0.870495,3.0,,,,,,0.027418,0.94174,0.78401,0.402622,0.788907,0.779234,0.139397,0.451946,,,,,,,,,,,,,,,,,,,,,,,,,,,,,,,,,,,,,,,,,,
20261010T032043Z,stage5_3d,epoch,2026-10-10T04:14:44+00:00,3240.8,20,1612,9.980913930287478e-05,2.580025,0,,,,,,,,,,,,,,,,,,,,,,,,,,,,,,,,,,,,,,,,,,,,,,,,,,,,,,,,,,,,,,0.882,1.94,0.4541,609191,0.0257,5.9143,0.8888,0.8538,0.035,0.3892,11.2,0.3504,26.532,0.8946,0.5759,0.3186,3.38,6.01,0.0254,0.341,13.44,0.5798,0.2088,0.1594,17704,0.7374,0.6925,0.0449,0.5111,3.0,23.628,24.589,0.962,82863,27.414,29.048,1.634,83571,16.27,17.737,1.467,83571
20261010T032043Z,stage5_3d,step,2026-10-10T04:15:57+00:00,3313.6,21,1650,9.57158534596056e-05,2.544791,0,67.16,,0.310794,2.889594,0.147453,0.082024,0.065429,0.059269,0.406273,36.960526,0.684696,,,,0.370067,0.673536,0.30451,0.005528,1.602237,0.047852,3.338462,0.46056,3841.0,40.0,98947.0,0.375778,27.374592,27.691326,0.316734,30.28966,32.284431,1.994772,16.258144,17.298651,1.040506,14937.0,14953.0,14953.0,0.894298,0.818797,0.075501,0.465709,11.0,0.734756,0.644727,0.090029,0.533852,3.0,,,,,,0.050638,0.923523,,,,,,,,,,,,,,,,,,,,,,,,,,,,,,,,,,,,,,,,,,,,,,,,
20261010T032043Z,stage5_3d,epoch,2026-10-10T04:17:10+00:00,3386.8,21,1689,9.152238050033794e-05,2.548748,0,,,,,,,,,,,,,,,,,,,,,,,,,,,,,,,,,,,,,,,,,,,,,,,,,,,,,,,,,,,,,,0.884,1.95,0.4541,609191,0.0254,5.5577,0.8922,0.8531,0.0391,0.3863,11.2,0.3543,28.3019,0.8303,0.5428,0.2876,3.38,6.01,0.0254,0.3202,12.62,0.508,0.1748,0.1704,17704,0.742,0.6925,0.0495,0.5106,3.0,23.642,24.589,0.947,82863,27.303,29.048,1.745,83571,16.336,17.737,1.401,83571
20261010T032043Z,stage5_3d,step,2026-10-10T04:17:39+00:00,3416.6,22,1700,9.034199281843149e-05,2.645127,0,67.16,,0.292565,2.91476,0.133048,0.080896,0.052153,0.063224,0.406688,23.624727,0.81654,,,,0.325217,0.635578,0.28894,0.004656,1.62286,0.047119,3.883344,0.419379,4245.0,40.0,102008.0,0.37861,27.487186,27.571386,0.0842,30.900581,32.478382,1.577801,16.023102,17.309628,1.286526,15019.0,15035.0,15035.0,0.897762,0.817668,0.080094,0.46887,11.0,0.739719,0.6459,0.093819,0.542137,3.0,,,,,,0.071025,0.879142,,,,,,,,,,,,,,,,,,,,,,,,,,,,,,,,,,,,,,,,,,,,,,,,
20261010T032043Z,stage5_3d,step,2026-10-10T04:19:11+00:00,3508.1,22,1750,8.499616063640253e-05,2.505803,0,67.16,,0.160927,1.90735,0.377238,0.04101,0.336229,0.316803,0.258667,11.501931,0.492595,0.106264,0.037954,,0.147966,0.168491,0.257105,0.071595,1.640264,0.263672,13.119212,0.12853,3241.0,40.0,244348.0,0.10413,10.488478,22.62672,12.138243,12.063849,27.757494,15.693645,9.212094,16.595993,7.383899,12883.0,12988.0,12988.0,0.953718,0.795125,0.158593,0.777062,11.0,0.942533,0.664305,0.278228,0.904651,3.0,,,,,,0.024517,0.961079,0.865972,0.39582,0.871274,0.874247,0.146323,0.508493,,,,,,,,,,,,,,,,,,,,,,,,,,,,,,,,,,,,,,,,,,
20261010T032043Z,stage5_3d,epoch,2026-10-10T04:19:46+00:00,3543.3,22,1766,8.329395082328936e-05,2.530529,0,,,,,,,,,,,,,,,,,,,,,,,,,,,,,,,,,,,,,,,,,,,,,,,,,,,,,,,,,,,,,,0.8859,1.95,0.4541,609191,0.0255,5.4178,0.8953,0.8527,0.0426,0.4033,11.2,0.3372,26.2458,0.822,0.536,0.286,3.38,6.01,0.0254,0.3576,14.09,0.5857,0.1964,0.1665,17704,0.7453,0.6925,0.0528,0.5171,3.0,23.458,24.589,1.132,82863,27.184,29.048,1.864,83571,16.481,17.737,1.256,83571
20261010T032043Z,stage5_3d,step,2026-10-10T04:20:58+00:00,3614.7,23,1800,7.969387038650594e-05,2.529418,0,67.16,,0.350586,2.949563,0.135959,0.056705,0.079254,0.087763,0.271628,10.864313,0.541492,0.085155,0.030764,,0.239494,0.455394,0.224887,0.004355,1.655511,0.077148,4.987348,0.263555,1766.0,40.0,39726.0,0.25941,19.910027,23.038288,3.128262,24.352598,29.736488,5.38389,15.986068,18.06749,2.081422,4444.0,4456.0,4456.0,0.929785,0.809173,0.120611,0.631435,11.0,0.824068,0.677383,0.146685,0.669476,3.0,,,,,,0.030683,0.954066,0.915207,0.393467,0.886589,0.93452,0.172151,0.549376,,,,,,,,,,,,,,,,,,,,,,,,,,,,,,,,,,,,,,,,,,
20261010T032043Z,stage5_3d,epoch,2026-10-10T04:22:25+00:00,3701.7,23,1842,7.528485745233515e-05,2.4807,0,,,,,,,,,,,,,,,,,,,,,,,,,,,,,,,,,,,,,,,,,,,,,,,,,,,,,,,,,,,,,,0.8858,1.95,0.4541,609191,0.0254,5.4364,0.8933,0.8531,0.0401,0.3997,11.2,0.3191,26.1933,0.6431,0.3772,0.2659,3.38,6.01,0.0254,0.3609,14.22,0.5804,0.2042,0.1673,17704,0.7461,0.6925,0.0535,0.5169,3.0,23.309,24.589,1.28,82863,27.063,29.048,1.985,83571,16.212,17.737,1.525,83571
20261010T032043Z,stage5_3d,step,2026-10-10T04:22:44+00:00,3720.7,24,1850,7.445050918411706e-05,2.53933,0,67.16,,0.150249,1.84516,0.393215,0.037961,0.355253,0.333846,0.253452,8.522466,0.515032,0.122684,0.044504,,0.174968,0.205194,0.338893,0.06668,1.670274,0.269531,13.503251,0.137984,3318.0,40.0,240281.0,0.090293,9.688324,21.535187,11.846863,11.215629,26.836517,15.620889,8.958328,15.852979,6.89465,12597.0,12702.0,12702.0,0.946353,0.798674,0.147679,0.733479,12.0,0.93072,0.658762,0.271959,0.878093,3.0,,,,,,0.027095,0.952249,0.846105,0.397153,0.826331,0.851121,0.138956,0.475967,,,,,,,,,,,,,,,,,,,,,,,,,,,,,,,,,,,,,,,,,,
20261010T032043Z,stage5_3d,step,2026-10-10T04:24:17+00:00,3814.2,24,1900,6.928129313397052e-05,2.529035,0,67.16,,0.405376,3.05334,0.156842,0.113061,0.043782,0.070436,0.325611,26.306494,0.211396,0.241985,0.072751,0.0,0.342358,0.708791,0.311423,0.027311,1.685536,0.073242,3.521782,0.41321,4028.0,40.0,122918.0,0.40532,27.772615,27.863367,0.090752,32.984543,33.79916,0.814617,19.36039,20.914568,1.554178,12012.0,12073.0,12073.0,0.891758,0.815789,0.075968,0.419611,13.0,0.706477,0.638844,0.067632,0.470816,3.0,1.0,1.0,0.0,1.0,1.0,0.00894,0.99088,0.636415,0.38634,0.556652,0.811218,0.166497,0.411587,,,,,,,,,,,,,,,,,,,,,,,,,,,,,,,,,,,,,,,,,,
20261010T032043Z,stage5_3d,epoch,2026-10-10T04:25:03+00:00,3859.8,24,1919,6.733956015915803e-05,2.492552,0,,,,,,,,,,,,,,,,,,,,,,,,,,,,,,,,,,,,,,,,,,,,,,,,,,,,,,,,,,,,,,0.8879,1.96,0.4541,609191,0.0257,5.4732,0.8929,0.8535,0.0395,0.416,11.2,0.3314,25.9446,0.7738,0.5175,0.2563,3.38,6.01,0.0254,0.3819,15.05,0.5654,0.3063,0.1654,17704,0.7457,0.6925,0.0532,0.5237,3.0,23.324,24.589,1.266,82863,27.142,29.048,1.906,83571,16.452,17.737,1.285,83571
20261010T032043Z,stage5_3d,step,2026-10-10T04:26:05+00:00,3922.6,25,1950,6.420122317340004e-05,2.431826,0,67.16,,0.347619,2.928135,0.152471,0.060238,0.092234,0.090682,0.349833,43.190273,0.446471,0.093334,0.031723,,0.251581,0.471759,0.223585,0.011053,1.697447,0.077637,4.790048,0.309852,4944.0,40.0,110288.0,0.267979,20.761461,23.430954,2.669493,24.164198,29.472731,5.308533,15.528892,17.598116,2.069224,12979.0,13016.0,13016.0,0.927994,0.809668,0.118325,0.55312,12.0,0.824235,0.68555,0.138685,0.661413,3.0,,,,,,0.032263,0.966169,0.897628,0.403174,0.886695,0.914586,0.168977,0.587154,,,,,,,,,,,,,,,,,,,,,,,,,,,,,,,,,,,,,,,,,,
20261010T032043Z,stage5_3d,epoch,2026-10-10T04:27:31+00:00,4008.6,25,1995,5.971757061219694e-05,2.447595,0,,,,,,,,,,,,,,,,,,,,,,,,,,,,,,,,,,,,,,,,,,,,,,,,,,,,,,,,,,,,,,0.8871,1.95,0.4541,609191,0.0252,5.482,0.8941,0.8529,0.0412,0.4035,11.2,0.3328,25.712,0.825,0.5377,0.2872,3.38,6.01,0.0254,0.4091,16.12,0.6432,0.2562,0.1616,17704,0.7456,0.6925,0.0531,0.5238,3.0,23.436,24.589,1.153,82863,27.02,29.048,2.028,83571,16.197,17.737,1.54,83571
20261010T032043Z,stage5_3d,step,2026-10-10T04:27:44+00:00,4021.2,26,2000,5.9225041539988615e-05,2.310317,0,67.16,,0.278002,2.824216,0.129985,0.074365,0.05562,0.083344,0.324717,21.791059,0.195736,0.348771,0.115454,0.0,0.172044,0.492535,0.279448,0.041094,1.708292,0.092773,4.114325,0.442615,2902.0,40.0,120285.0,0.354096,26.214245,25.881783,-0.332462,29.356157,29.720697,0.36454,16.896616,18.181955,1.285339,5868.0,6050.0,6050.0,0.948312,0.851826,0.096485,0.610624,12.0,0.808303,0.705776,0.102527,0.623668,3.0,1.0,1.0,0.0,1.0,1.0,0.007242,0.990606,0.37914,0.402583,0.39089,0.533324,0.158594,0.309586,,,,,,,,,,,,,,,,,,,,,,,,,,,,,,,,,,,,,,,,,,
20261010T032043Z,stage5_3d,step,2026-10-10T04:29:13+00:00,4109.7,26,2050,5.4367188989959204e-05,2.453028,0,67.16,,0.2467,2.770497,0.153624,0.042633,0.11099,0.129646,0.329908,23.420494,0.181973,0.27268,0.08204,0.0,0.184552,0.383351,0.255744,0.031236,1.718342,0.123047,8.806858,0.202357,4673.0,40.0,269306.0,0.26216,20.984518,25.130037,4.145519,23.125275,28.122601,4.997326,15.501036,17.788031,2.286995,12920.0,13091.0,13091.0,0.946501,0.844211,0.10229,0.617357,12.0,0.867705,0.738689,0.129016,0.714929,3.0,1.0,1.0,0.0,1.0,1.0,0.015661,0.993453,0.599145,0.406409,0.520832,0.716228,0.157775,0.411733,,,,,,,,,,,,,,,,,,,,,,,,,,,,,,,,,,,,,,,,,,
20261010T032043Z,stage5_3d,epoch,2026-10-10T04:29:55+00:00,4152.4,26,2071,5.236558070526759e-05,2.450483,0,,,,,,,,,,,,,,,,,,,,,,,,,,,,,,,,,,,,,,,,,,,,,,,,,,,,,,,,,,,,,,0.8887,1.96,0.4541,609191,0.0255,5.364,0.894,0.8534,0.0406,0.4219,11.2,0.3085,25.305,0.619,0.374,0.245,3.38,6.01,0.0254,0.3999,15.76,0.6379,0.2245,0.1642,17704,0.7467,0.6925,0.0542,0.5237,3.0,23.308,24.589,1.282,82863,26.979,29.048,2.069,83571,16.289,17.737,1.448,83571
20261010T032043Z,stage5_3d,step,2026-10-10T04:30:50+00:00,4207.0,27,2100,4.9641762891456667e-05,2.319066,0,67.16,,0.143543,1.799323,0.397692,0.038603,0.359089,0.346182,0.194988,12.880058,0.578209,0.122486,0.038334,,0.148058,0.169457,0.337392,0.064195,1.728318,0.275391,13.597196,0.135595,3696.0,40.0,250673.0,0.078314,8.682259,21.817558,13.1353,10.312577,27.045403,16.732825,8.284418,15.926758,7.64234,12989.0,13092.0,13092.0,0.950216,0.78842,0.161797,0.799594,11.0,0.946033,0.660693,0.28534,0.910865,3.0,,,,,,0.025622,0.945362,0.856379,0.411987,0.837574,0.864097,0.13331,0.510995,,,,,,,,,,,,,,,,,,,,,,,,,,,,,,,,,,,,,,,,,,
20261010T032043Z,stage5_3d,epoch,2026-10-10T04:32:27+00:00,4303.7,27,2148,4.5242673743222276e-05,2.41664,0,,,,,,,,,,,,,,,,,,,,,,,,,,,,,,,,,,,,,,,,,,,,,,,,,,,,,,,,,,,,,,0.8875,1.95,0.4541,609191,0.0256,5.4642,0.8933,0.8533,0.0399,0.4191,11.2,0.3086,25.5548,0.5953,0.3637,0.2316,3.38,6.01,0.0254,0.4076,16.06,0.6349,0.2695,0.168,17704,0.75,0.6925,0.0575,0.5217,3.0,23.359,24.589,1.231,82863,27.025,29.048,2.023,83571,16.485,17.737,1.252,83571
20261010T032043Z,stage5_3d,step,2026-10-10T04:32:35+00:00,4311.8,28,2150,4.506247631433356e-05,2.431477,0,67.16,,0.291585,2.864645,0.153371,0.081399,0.071972,0.066502,0.367304,36.681244,0.708371,,,0.0,0.33904,0.686845,0.26923,0.005945,1.737922,0.04541,3.692841,0.397324,3862.0,40.0,103452.0,0.400626,29.167746,29.574593,0.406847,31.892387,34.002697,2.11031,17.171926,18.543278,1.371351,15629.0,15650.0,15650.0,0.902382,0.8203,0.082082,0.520677,11.0,0.71996,0.623058,0.096902,0.531646,3.0,1.0,1.0,0.0,1.0,1.0,0.051099,0.916282,,,,,,,,,,,,,,,,,,,,,,,,,,,,,,,,,,,,,,,,,,,,,,,,
20261010T032043Z,stage5_3d,step,2026-10-10T04:34:07+00:00,4403.9,28,2200,4.0642618235160055e-05,2.491361,0,67.16,,0.332183,2.794588,0.188396,0.101712,0.086685,0.090947,0.254561,15.942664,0.290877,0.074557,0.024985,,0.228251,0.494203,0.2316,0.013583,1.745686,0.084961,5.116815,0.300394,5016.0,40.0,109919.0,0.279447,21.316738,23.864904,2.548166,24.516878,29.24169,4.724812,15.328581,17.696964,2.368383,13260.0,13306.0,13306.0,0.934609,0.80622,0.128389,0.578615,13.0,0.812086,0.662022,0.150063,0.679322,3.0,,,,,,0.022949,0.983952,0.923611,0.388396,0.911648,0.936741,0.171041,0.585583,,,,,,,,,,,,,,,,,,,,,,,,,,,,,,,,,,,,,,,,,,
20261010T032043Z,stage5_3d,epoch,2026-10-10T04:35:00+00:00,4456.7,28,2225,3.8496502206992984e-05,2.412567,0,,,,,,,,,,,,,,,,,,,,,,,,,,,,,,,,,,,,,,,,,,,,,,,,,,,,,,,,,,,,,,0.8878,1.96,0.4541,609191,0.0256,5.3914,0.8949,0.8528,0.0421,0.4171,11.2,0.2913,25.0962,0.4626,0.2372,0.2253,3.38,6.01,0.0254,0.366,14.42,0.588,0.1983,0.1722,17704,0.7467,0.6925,0.0542,0.5202,3.0,23.338,24.589,1.251,82863,26.964,29.048,2.084,83571,16.202,17.737,1.535,83571
20261010T032043Z,stage5_3d,step,2026-10-10T04:35:53+00:00,4509.8,29,2250,3.639501497294201e-05,2.500738,0,67.16,,0.282131,2.859054,0.149817,0.081002,0.068815,0.068438,0.328306,34.022739,0.672583,,,,0.309025,0.63135,0.28203,0.005247,1.752409,0.054199,3.99826,0.3822,4889.0,40.0,100429.0,0.369479,27.233986,27.779015,0.545029,30.115866,32.601315,2.485449,15.924314,17.617287,1.692972,15139.0,15155.0,15155.0,0.907752,0.817141,0.090612,0.487979,12.0,0.748048,0.643174,0.104874,0.553046,3.0,,,,,,0.061367,0.924071,,,,,,,,,,,,,,,,,,,,,,,,,,,,,,,,,,,,,,,,,,,,,,,,
20261010T032043Z,stage5_3d,step,2026-10-10T04:37:20+00:00,4597.1,29,2300,3.2331992967460005e-05,2.366364,0,67.16,,0.241671,2.73592,0.167255,0.043243,0.124012,0.137355,0.312387,23.322676,0.214574,0.261634,0.078753,4e-06,0.224273,0.372234,0.250577,0.037278,1.758042,0.128906,8.639892,0.225014,4632.0,40.0,267717.0,0.281575,21.893913,26.317179,4.423265,24.617332,30.253616,5.636284,15.662775,18.544865,2.88209,12660.0,12823.0,12823.0,0.932858,0.841321,0.091537,0.632679,11.0,0.868625,0.727324,0.141301,0.732299,3.0,1.0,1.0,0.0,1.0,1.0,0.018271,0.990885,0.63481,0.414255,0.561908,0.716153,0.156989,0.408353,,,,,,,,,,,,,,,,,,,,,,,,,,,,,,,,,,,,,,,,,,
20261010T032043Z,stage5_3d,epoch,2026-10-10T04:37:33+00:00,4609.7,29,2302,3.217348003631152e-05,2.404939,0,,,,,,,,,,,,,,,,,,,,,,,,,,,,,,,,,,,,,,,,,,,,,,,,,,,,,,,,,,,,,,0.8883,1.96,0.4541,609191,0.0256,5.4107,0.895,0.8516,0.0435,0.4225,11.2,0.3048,24.9944,0.5946,0.3701,0.2245,3.38,6.01,0.0254,0.3977,15.67,0.6073,0.2902,0.1744,17704,0.748,0.6925,0.0554,0.5262,3.0,23.325,24.589,1.264,82863,26.946,29.048,2.102,83571,16.205,17.737,1.532,83571
20261010T032043Z,stage5_3d,step,2026-10-10T04:38:59+00:00,4696.0,30,2350,2.8465343008245436e-05,2.331771,0,67.16,,0.391117,2.976598,0.155878,0.087514,0.068364,0.064817,0.274668,15.570114,0.454583,,,,0.410045,0.728005,0.241425,0.005111,1.762872,0.045898,2.81477,0.453153,3877.0,40.0,90197.0,0.437262,30.370426,30.531635,0.161209,33.989529,34.589691,0.600163,18.923929,20.615383,1.691454,12784.0,12817.0,12817.0,0.88032,0.80423,0.07609,0.385618,13.0,0.68481,0.639264,0.045546,0.503198,3.0,,,,,,0.027971,0.965069,,,,,,,,,,,,,,,,,,,,,,,,,,,,,,,,,,,,,,,,,,,,,,,,
20261010T032043Z,stage5_3d,epoch,2026-10-10T04:39:52+00:00,4749.3,30,2379,2.6317109885739257e-05,2.392226,0,,,,,,,,,,,,,,,,,,,,,,,,,,,,,,,,,,,,,,,,,,,,,,,,,,,,,,,,,,,,,,0.8898,1.96,0.4541,609191,0.0253,5.2986,0.8979,0.8532,0.0447,0.4263,11.2,0.2869,25.0799,0.4382,0.2264,0.2117,3.38,6.01,0.0254,0.4142,16.32,0.639,0.2695,0.1714,17704,0.7519,0.6925,0.0594,0.5296,3.0,23.295,24.589,1.295,82863,26.898,29.048,2.15,83571,16.232,17.737,1.505,83571
20261010T032043Z,stage5_3d,step,2026-10-10T04:40:33+00:00,4790.4,31,2400,2.4806286018000492e-05,2.212214,0,67.16,,0.326151,2.804295,0.18126,0.092731,0.088529,0.090319,0.308757,34.021614,0.249886,0.057112,0.019924,,0.152033,0.454422,0.287368,0.010434,1.767723,0.077637,4.243058,0.334693,5074.0,40.0,110597.0,0.278935,21.339218,23.807501,2.468283,24.498604,29.131584,4.63298,15.375239,17.752203,2.376964,13595.0,13629.0,13629.0,0.953883,0.820457,0.133425,0.65649,12.0,0.839973,0.681835,0.158137,0.700049,3.0,,,,,,0.014688,0.987925,0.939836,0.402937,0.939209,0.947392,0.170484,0.58669,,,,,,,,,,,,,,,,,,,,,,,,,,,,,,,,,,,,,,,,,,
20261010T032043Z,stage5_3d,step,2026-10-10T04:42:07+00:00,4883.9,31,2450,2.1365440489757482e-05,2.377246,0,67.16,,0.321183,2.792056,0.180695,0.078591,0.102104,0.098769,0.290682,21.890699,0.460315,0.149802,0.049052,,0.258434,0.493096,0.22852,0.004712,1.771281,0.090332,5.02043,0.323596,2117.0,40.0,47961.0,0.290719,21.782249,24.4088,2.626551,25.692831,30.790419,5.097588,16.013735,18.245893,2.232159,5683.0,5697.0,5697.0,0.924421,0.827114,0.097307,0.600494,11.0,0.818834,0.684404,0.13443,0.660117,3.0,,,,,,0.043935,0.96217,0.819074,0.421816,0.767259,0.852503,0.161059,0.557874,,,,,,,,,,,,,,,,,,,,,,,,,,,,,,,,,,,,,,,,,,
20261010T032043Z,stage5_3d,epoch,2026-10-10T04:42:23+00:00,4899.9,31,2456,2.096768382460109e-05,2.349729,0,,,,,,,,,,,,,,,,,,,,,,,,,,,,,,,,,,,,,,,,,,,,,,,,,,,,,,,,,,,,,,0.8893,1.96,0.4541,609191,0.0255,5.3489,0.897,0.8537,0.0433,0.4221,11.2,0.2825,24.9887,0.4084,0.1986,0.2097,3.38,6.01,0.0254,0.418,16.47,0.6277,0.2645,0.1734,17704,0.7485,0.6925,0.056,0.5287,3.0,23.249,24.589,1.34,82863,26.886,29.048,2.162,83571,16.379,17.737,1.358,83571
20261010T032043Z,stage5_3d,step,2026-10-10T04:43:45+00:00,4981.8,32,2500,1.815279167227432e-05,2.266043,0,67.16,,0.136548,1.71594,0.414019,0.040028,0.373991,0.361867,0.153017,13.570079,0.571561,0.163397,0.05534,,0.140013,0.146736,0.322997,0.077806,1.774791,0.296875,13.463182,0.143658,3665.0,40.0,249223.0,0.072584,8.444027,21.717274,13.273247,9.80604,27.141605,17.335566,7.939878,15.788688,7.84881,12681.0,12785.0,12785.0,0.959345,0.784175,0.175171,0.785839,12.0,0.954574,0.643144,0.31143,0.926295,3.0,,,,,,0.028065,0.945551,0.789726,0.410033,0.830999,0.79592,0.139727,0.460646,,,,,,,,,,,,,,,,,,,,,,,,,,,,,,,,,,,,,,,,,,
20261010T032043Z,stage5_3d,epoch,2026-10-10T04:44:57+00:00,5053.7,32,2533,1.616200612587876e-05,2.346508,0,,,,,,,,,,,,,,,,,,,,,,,,,,,,,,,,,,,,,,,,,,,,,,,,,,,,,,,,,,,,,,0.8895,1.96,0.4541,609191,0.0253,5.298,0.8941,0.8524,0.0417,0.4244,11.2,0.2803,24.9611,0.3925,0.1896,0.2029,3.38,6.01,0.0254,0.4185,16.49,0.6472,0.2852,0.1742,17704,0.7509,0.6925,0.0584,0.5279,3.0,23.32,24.589,1.269,82863,26.821,29.048,2.227,83571,16.258,17.737,1.479,83571
20261010T032043Z,stage5_3d,step,2026-10-10T04:45:30+00:00,5087.2,33,2550,1.5177662593089161e-05,2.394831,0,67.16,,0.273292,2.780698,0.137897,0.077975,0.059922,0.086108,0.271959,19.135403,0.104859,0.33753,0.104187,0.0,0.151077,0.483411,0.271918,0.037586,1.777747,0.09668,3.320572,0.512585,6239.0,40.0,256824.0,0.344968,25.504566,25.589891,0.085325,28.529926,29.565868,1.035942,17.337004,18.441185,1.104181,12353.0,12725.0,12725.0,0.958808,0.851739,0.107068,0.584854,13.0,0.814623,0.701778,0.112845,0.637814,3.0,1.0,1.0,0.0,1.0,1.0,0.008624,0.996647,0.412778,0.402739,0.410132,0.601464,0.157609,0.3393,,,,,,,,,,,,,,,,,,,,,,,,,,,,,,,,,,,,,,,,,,
20261010T032043Z,stage5_3d,step,2026-10-10T04:47:08+00:00,5185.2,33,2600,1.244868700332472e-05,2.292285,0,67.16,,0.352608,2.857102,0.180473,0.105475,0.074998,0.069066,0.316902,20.612167,0.306063,0.147328,0.030152,,0.318744,0.711568,0.250766,0.007066,1.780071,0.049072,2.834925,0.413303,4189.0,40.0,91001.0,0.407905,28.616951,28.961416,0.344465,32.412312,33.37365,0.961338,18.578867,20.498596,1.919729,13137.0,13159.0,13159.0,0.904273,0.790642,0.113631,0.498548,13.0,0.686234,0.619719,0.066515,0.495433,3.0,,,,,,0.021085,0.984053,0.827174,0.360755,0.699142,0.934714,0.178187,0.5958,,,,,,,,,,,,,,,,,,,,,,,,,,,,,,,,,,,,,,,,,,
20261010T032043Z,stage5_3d,epoch,2026-10-10T04:47:32+00:00,5209.2,33,2609,1.1984235593803661e-05,2.335019,0,,,,,,,,,,,,,,,,,,,,,,,,,,,,,,,,,,,,,,,,,,,,,,,,,,,,,,,,,,,,,,0.8894,1.96,0.4541,609191,0.0254,5.3903,0.8969,0.854,0.0429,0.4198,11.2,0.287,24.7938,0.4592,0.2572,0.202,3.38,6.01,0.0254,0.4128,16.27,0.6326,0.2645,0.1733,17704,0.7491,0.6925,0.0566,0.5238,3.0,23.339,24.589,1.251,82863,26.935,29.048,2.113,83571,16.177,17.737,1.56,83571
20261010T032043Z,stage5_3d,step,2026-10-10T04:48:46+00:00,5283.6,34,2650,9.973784322755706e-06,2.323733,0,67.16,,0.245063,2.747971,0.161277,0.040707,0.12057,0.135639,0.257297,15.597845,0.128808,0.262531,0.074255,0.0,0.165354,0.364922,0.32897,0.036583,1.781925,0.122559,8.595661,0.208389,5205.0,40.0,271766.0,0.25482,20.069918,24.691906,4.621988,23.132984,29.131109,5.998125,15.005301,17.850021,2.844721,13174.0,13350.0,13350.0,0.949664,0.840538,0.109126,0.636043,12.0,0.873331,0.735488,0.137843,0.719883,3.0,1.0,1.0,0.0,1.0,1.0,0.017783,0.995513,0.636256,0.420369,0.5667,0.750502,0.158624,0.40945,,,,,,,,,,,,,,,,,,,,,,,,,,,,,,,,,,,,,,,,,,
20261010T032043Z,stage5_3d,epoch,2026-10-10T04:49:55+00:00,5351.7,34,2685,8.396402091172746e-06,2.325569,0,,,,,,,,,,,,,,,,,,,,,,,,,,,,,,,,,,,,,,,,,,,,,,,,,,,,,,,,,,,,,,0.8898,1.96,0.4541,609191,0.0255,5.2992,0.8932,0.8522,0.041,0.422,11.2,0.2756,24.8153,0.3546,0.1586,0.1959,3.38,6.01,0.0254,0.4141,16.32,0.6209,0.2374,0.1758,17704,0.747,0.6925,0.0545,0.5314,3.0,23.294,24.589,1.296,82863,26.926,29.048,2.122,83571,16.339,17.737,1.398,83571
20261010T032043Z,stage5_3d,step,2026-10-10T04:50:27+00:00,5383.7,35,2700,7.760136657848161e-06,2.400376,0,67.16,,0.263675,2.834261,0.136567,0.05993,0.076637,0.10095,0.303279,25.530373,0.166465,0.31355,0.096049,0.0,0.138131,0.396944,0.343209,0.034315,1.783412,0.10791,5.793828,0.355686,4897.0,40.0,260381.0,0.347642,25.899948,28.813833,2.913885,28.332439,32.417324,4.084885,17.294186,20.04595,2.751764,12830.0,13070.0,13070.0,0.959363,0.870737,0.088626,0.687324,10.0,0.861994,0.763117,0.098876,0.672529,3.0,1.0,1.0,0.0,1.0,1.0,0.014205,0.992606,0.460267,0.381738,0.434919,0.667763,0.158097,0.400726,,,,,,,,,,,,,,,,,,,,,,,,,,,,,,,,,,,,,,,,,,
20261010T032043Z,stage5_3d,step,2026-10-10T04:51:58+00:00,5475.3,35,2750,5.814167959463888e-06,2.335797,0,67.16,,0.36023,2.878088,0.175441,0.102685,0.072756,0.070304,0.295235,36.812435,0.213025,,,,0.295474,0.677835,0.235453,0.006118,1.784524,0.05249,2.90986,0.421048,4053.0,40.0,91372.0,0.394399,27.626259,27.66622,0.039961,31.574514,32.534798,0.960283,18.662962,20.300524,1.637562,13258.0,13280.0,13280.0,0.917839,0.793733,0.124106,0.515662,13.0,0.711093,0.634685,0.076407,0.514977,3.0,,,,,,0.015107,0.992937,,,,,,,,,,,,,,,,,,,,,,,,,,,,,,,,,,,,,,,,,,,,,,,,
20261010T032043Z,stage5_3d,epoch,2026-10-10T04:52:27+00:00,5504.6,35,2762,5.387610154722147e-06,2.331688,0,,,,,,,,,,,,,,,,,,,,,,,,,,,,,,,,,,,,,,,,,,,,,,,,,,,,,,,,,,,,,,0.8901,1.96,0.4541,609191,0.0256,5.2492,0.8968,0.8542,0.0426,0.4221,11.2,0.2739,24.825,0.35,0.1556,0.1944,3.38,6.01,0.0254,0.4148,16.35,0.6261,0.2741,0.1725,17704,0.7493,0.6925,0.0568,0.5328,3.0,23.249,24.589,1.341,82863,26.814,29.048,2.234,83571,16.186,17.737,1.551,83571
20261010T032043Z,stage5_3d,step,2026-10-10T04:53:45+00:00,5581.6,36,2800,4.141525380713651e-06,2.298574,0,67.16,,0.306773,2.90373,0.141967,0.082207,0.05976,0.064266,0.299257,26.301426,0.52836,,,,0.379387,0.687342,0.263176,0.008089,1.78534,0.047607,3.571203,0.391129,4437.0,40.0,98277.0,0.375837,27.586859,28.070919,0.48406,30.532011,32.683365,2.151354,16.174055,17.583447,1.409391,14845.0,14861.0,14861.0,0.888889,0.813613,0.075276,0.45692,11.0,0.718991,0.632829,0.086162,0.527534,3.0,,,,,,0.044226,0.954235,,,,,,,,,,,,,,,,,,,,,,,,,,,,,,,,,,,,,,,,,,,,,,,,
20261010T032043Z,stage5_3d,epoch,2026-10-10T04:55:04+00:00,5661.2,36,2839,3.0297581331770755e-06,2.329316,0,,,,,,,,,,,,,,,,,,,,,,,,,,,,,,,,,,,,,,,,,,,,,,,,,,,,,,,,,,,,,,0.8898,1.96,0.4541,609191,0.0255,5.298,0.896,0.8529,0.0431,0.4258,11.2,0.2726,24.7286,0.3374,0.1427,0.1947,3.38,6.01,0.0254,0.4216,16.61,0.6355,0.3063,0.1727,17704,0.7494,0.6925,0.0569,0.5317,3.0,23.27,24.589,1.32,82863,26.84,29.048,2.208,83571,16.194,17.737,1.543,83571
20261010T032043Z,stage5_3d,step,2026-10-10T04:55:30+00:00,5686.8,37,2850,2.7470628890582965e-06,2.282602,0,67.16,,0.14834,1.787929,0.401652,0.038616,0.363036,0.344521,0.184431,15.864698,0.506276,0.136848,0.045769,,0.162956,0.217653,0.253649,0.083498,1.785939,0.291016,13.996754,0.143501,3248.0,40.0,244221.0,0.103728,10.79135,22.508966,11.717616,12.056794,27.245262,15.188468,9.148826,15.948149,6.799323,12758.0,12860.0,12860.0,0.946429,0.792796,0.153633,0.809004,11.0,0.929614,0.66778,0.261833,0.882021,3.0,,,,,,0.028851,0.953168,0.837121,0.412451,0.859422,0.830458,0.135339,0.479966,,,,,,,,,,,,,,,,,,,,,,,,,,,,,,,,,,,,,,,,,,
20261010T032043Z,stage5_3d,step,2026-10-10T04:57:02+00:00,5779.0,37,2900,1.6348271802150377e-06,2.314023,0,67.16,,0.133667,1.690833,0.427977,0.040533,0.387444,0.369407,0.144426,12.930136,0.440221,0.121816,0.045011,,0.137437,0.144338,0.271544,0.066604,1.786348,0.302734,14.011807,0.129685,3452.0,40.0,248348.0,0.076282,8.82388,22.146788,13.322907,10.249028,27.387989,17.138961,8.087506,15.831812,7.744306,12942.0,13045.0,13045.0,0.951622,0.791136,0.160487,0.737069,12.0,0.955506,0.66741,0.288096,0.91861,3.0,,,,,,0.022362,0.967414,0.847654,0.398428,0.868088,0.85052,0.143273,0.498672,,,,,,,,,,,,,,,,,,,,,,,,,,,,,,,,,,,,,,,,,,
20261010T032043Z,stage5_3d,epoch,2026-10-10T04:57:38+00:00,5815.6,37,2916,1.3390681461555124e-06,2.332277,0,,,,,,,,,,,,,,,,,,,,,,,,,,,,,,,,,,,,,,,,,,,,,,,,,,,,,,,,,,,,,,0.8897,1.96,0.4541,609191,0.0255,5.2977,0.8966,0.853,0.0436,0.4253,11.2,0.2717,24.6501,0.3346,0.1411,0.1934,3.38,6.01,0.0254,0.4126,16.26,0.6238,0.2746,0.174,17704,0.7478,0.6925,0.0553,0.529,3.0,23.277,24.589,1.312,82863,26.877,29.048,2.171,83571,16.198,17.737,1.539,83571
20261010T032043Z,stage5_3d,step,2026-10-10T04:58:45+00:00,5882.0,38,2950,8.080459347464185e-07,2.391848,0,67.16,,0.278573,2.870491,0.145809,0.081723,0.064086,0.066465,0.257248,16.20932,0.478174,,,,0.316904,0.63267,0.284322,0.006831,1.786559,0.049316,3.844902,0.370035,4211.0,40.0,100131.0,0.354398,26.486666,27.785879,1.299213,29.241362,32.702045,3.460684,15.877263,17.521353,1.64409,14984.0,15000.0,15000.0,0.904773,0.812159,0.092615,0.591068,10.0,0.750453,0.64053,0.109923,0.569019,3.0,,,,,,0.047416,0.962846,,,,,,,,,,,,,,,,,,,,,,,,,,,,,,,,,,,,,,,,,,,,,,,,
20261010T032043Z,stage5_3d,epoch,2026-10-10T05:00:05+00:00,5962.3,38,2993,3.2717221083063085e-07,2.32414,0,,,,,,,,,,,,,,,,,,,,,,,,,,,,,,,,,,,,,,,,,,,,,,,,,,,,,,,,,,,,,,0.8901,1.96,0.4541,609191,0.0253,5.2538,0.8951,0.8529,0.0423,0.4223,11.2,0.2714,24.6118,0.3329,0.1401,0.1928,3.38,6.01,0.0254,0.4072,16.05,0.6121,0.2663,0.1724,17704,0.7489,0.6925,0.0564,0.5315,3.0,23.312,24.589,1.277,82863,26.884,29.048,2.164,83571,16.211,17.737,1.526,83571
20261010T032043Z,stage5_3d,step,2026-10-10T05:00:27+00:00,5983.7,39,3000,2.691184514110325e-07,2.495128,0,67.16,,0.141125,1.703002,0.426837,0.039812,0.387025,0.369343,0.155227,14.625893,0.4919,0.118801,0.044251,,0.150556,0.186575,0.264782,0.077173,1.786644,0.302734,13.708701,0.141746,4024.0,40.0,249841.0,0.092019,9.764222,21.806696,12.042474,11.3689,27.158684,15.789783,8.731862,16.070606,7.338744,12737.0,12850.0,12850.0,0.951789,0.785288,0.166501,0.841084,11.0,0.94027,0.654651,0.285619,0.881999,3.0,,,,,,0.023742,0.959169,0.852023,0.409046,0.878879,0.835372,0.138576,0.47639,,,,,,,,,,,,,,,,,,,,,,,,,,,,,,,,,,,,,,,,,,
20261010T032043Z,stage5_3d,step,2026-10-10T05:01:57+00:00,6074.1,39,3050,1.960868445771787e-08,2.279283,0,67.16,,0.241622,2.737374,0.152424,0.044419,0.108005,0.134696,0.249422,23.980797,0.205832,0.27762,0.075214,,0.151419,0.352441,0.244251,0.034742,1.786666,0.138672,9.198803,0.208745,1467.0,40.0,82493.0,0.242875,20.005148,24.358709,4.353561,21.847353,26.980783,5.13343,14.904983,17.226208,2.321225,3551.0,3599.0,3599.0,0.9591,0.849352,0.109748,0.751901,11.0,0.875746,0.731021,0.144726,0.745792,3.0,,,,,,0.020169,0.991753,0.619464,0.431019,0.564027,0.721387,0.151051,0.412108,,,,,,,,,,,,,,,,,,,,,,,,,,,,,,,,,,,,,,,,,,
20261010T032043Z,stage5_3d,epoch,2026-10-10T05:02:36+00:00,6112.8,39,3069,7.999999999999999e-10,2.306535,0,,,,,,,,,,,,,,,,,,,,,,,,,,,,,,,,,,,,,,,,,,,,,,,,,,,,,,,,,,,,,,0.8901,1.96,0.4541,609191,0.0254,5.2738,0.8972,0.8532,0.044,0.4301,11.2,0.2712,24.5893,0.3328,0.1394,0.1934,3.38,6.01,0.0254,0.4167,16.42,0.6285,0.2755,0.1727,17704,0.7494,0.6925,0.0569,0.5316,3.0,23.286,24.589,1.303,82863,26.858,29.048,2.19,83571,16.209,17.737,1.528,83571
20261010T054316Z,stage5_3d,event,2026-10-10T05:43:29+00:00,12.9,0,5,,,1,,OOM #1,,,,,,,,,,,,,,,,,,,,,,,,,,,,,,,,,,,,,,,,,,,,,,,,,,,,,,,,,,,,,,,,,,,,,,,,,,,,,,,,,,,,,,,,,,,,,,,,,,,,,
20261010T054316Z,stage5_3d,event,2026-10-10T05:43:30+00:00,13.8,0,6,,,2,,OOM #2,,,,,,,,,,,,,,,,,,,,,,,,,,,,,,,,,,,,,,,,,,,,,,,,,,,,,,,,,,,,,,,,,,,,,,,,,,,,,,,,,,,,,,,,,,,,,,,,,,,,,
20261010T054625Z,stage5_3d,step,2026-10-10T05:47:56+00:00,91.6,0,50,5.460769766948092e-05,7.941932,0,67.56,,0.51288,3.683471,0.029979,0.039348,-0.00937,0.026514,1.800208,120.899673,1.271001,0.395238,0.16304,,1.643914,0.796647,0.285302,0.067035,0.006676,0.047607,7.810408,0.298038,3703.0,40.0,247529.0,0.345022,24.904659,22.134789,-2.769871,29.08275,27.177933,-1.904818,19.333155,15.974483,-3.358672,12809.0,12914.0,12914.0,0.786929,0.7899,-0.002971,0.08302,12.0,0.667942,0.666734,0.001208,0.335616,3.0,,,,,,0.029776,0.698657,0.205386,0.409772,0.131297,0.058379,0.141022,0.161788,,,,,,,,,,,,,,,,,,,,,,,,,,,,,,,,,,,,,,,,,,
20261010T054625Z,stage5_3d,epoch,2026-10-10T05:48:58+00:00,153.3,0,76,0.00010355488253083298,7.210839,0,,,,,,,,,,,,,,,,,,,,,,,,,,,,,,,,,,,,,,,,,,,,,,,,,,,,,,,,,,,,,,0.705,1.55,0.4541,609191,0.0255,2.565,0.8526,0.8526,0.0,0.0905,11.2,1.5918,133.0247,5.5783,2.9938,2.5845,3.38,6.01,0.0254,0.0385,1.52,0.0,0.0,0.0478,17704,0.6817,0.6925,-0.0108,0.3813,3.0,25.171,24.589,-0.581,82863,29.554,29.048,-0.506,83571,17.551,17.737,0.186,83571
20261010T054625Z,stage5_3d,event,2026-10-10T05:49:42+00:00,197.5,1,97,,,1,,OOM #1,,,,,,,,,,,,,,,,,,,,,,,,,,,,,,,,,,,,,,,,,,,,,,,,,,,,,,,,,,,,,,,,,,,,,,,,,,,,,,,,,,,,,,,,,,,,,,,,,,,,,
20261010T054625Z,stage5_3d,step,2026-10-10T05:49:48+00:00,203.3,1,100,0.00014917500980188753,5.651818,1,67.56,,0.35305,3.576712,0.036879,0.042943,-0.006064,0.027591,1.425403,106.661316,1.208172,0.411664,0.160013,0.079976,0.760196,0.753287,0.248038,0.033933,0.045341,0.108398,2.01924,0.649252,4924.0,40.0,286861.0,0.356171,25.765526,24.713144,-1.052382,28.866726,28.312208,-0.554518,17.877817,17.606977,-0.27084,12817.0,12981.0,12981.0,0.832656,0.832656,0.0,0.083333,12.0,0.709407,0.71599,-0.006584,0.384609,3.0,1.0,1.0,-0.0,1.0,1.0,0.017783,0.73391,0.071334,0.408338,0.241559,0.096289,0.160146,0.112236,,,,,,,,,,,,,,,,,,,,,,,,,,,,,,,,,,,,,,,,,,
20261010T054625Z,stage5_3d,event,2026-10-10T05:50:00+00:00,215.7,1,105,,,2,,OOM #2,,,,,,,,,,,,,,,,,,,,,,,,,,,,,,,,,,,,,,,,,,,,,,,,,,,,,,,,,,,,,,,,,,,,,,,,,,,,,,,,,,,,,,,,,,,,,,,,,,,,,
20261010T054625Z,stage5_3d,event,2026-10-10T05:50:12+00:00,227.2,1,112,,,3,,OOM #3,,,,,,,,,,,,,,,,,,,,,,,,,,,,,,,,,,,,,,,,,,,,,,,,,,,,,,,,,,,,,,,,,,,,,,,,,,,,,,,,,,,,,,,,,,,,,,,,,,,,,
20261010T054625Z,stage5_3d,event,2026-10-10T05:50:52+00:00,267.8,1,133,,,4,,OOM #4,,,,,,,,,,,,,,,,,,,,,,,,,,,,,,,,,,,,,,,,,,,,,,,,,,,,,,,,,,,,,,,,,,,,,,,,,,,,,,,,,,,,,,,,,,,,,,,,,,,,,
20261010T054625Z,stage5_3d,step,2026-10-10T05:51:22+00:00,297.2,1,150,0.00019987767195383136,5.02799,4,72.08,,0.34885,3.404672,0.08835,0.040089,0.048261,0.0672,1.132897,88.949615,1.011394,0.237553,0.092243,,0.514397,0.484056,0.270785,0.073993,0.117196,0.177734,3.166317,0.504524,3294.0,40.0,251415.0,0.245763,21.201101,22.276245,1.075144,22.804434,27.4536,4.649166,14.892154,15.872476,0.980322,13094.0,13199.0,13199.0,0.870674,0.788707,0.081967,0.323955,12.0,0.844988,0.661009,0.183978,0.717883,3.0,,,,,,0.026087,0.820501,0.6699,0.407884,0.58218,0.639617,0.143415,0.266427,,,,,,,,,,,,,,,,,,,,,,,,,,,,,,,,,,,,,,,,,,
20261010T054625Z,stage5_3d,epoch,2026-10-10T05:51:33+00:00,308.6,1,153,0.00019999998243887268,5.180492,4,,,,,,,,,,,,,,,,,,,,,,,,,,,,,,,,,,,,,,,,,,,,,,,,,,,,,,,,,,,,,,0.8084,1.78,0.4541,609191,0.0252,3.8259,0.8604,0.8532,0.0072,0.1428,11.2,1.1988,106.5621,3.437,1.8967,1.5404,3.38,6.01,0.0254,0.069,2.72,0.0,0.0,0.1022,17704,0.6835,0.6925,-0.009,0.406,3.0,26.108,24.589,-1.519,82863,30.059,29.048,-1.011,83571,16.834,17.737,0.903,83571
20261010T054625Z,stage5_3d,event,2026-10-10T05:52:55+00:00,390.2,2,190,,,5,,OOM #5,,,,,,,,,,,,,,,,,,,,,,,,,,,,,,,,,,,,,,,,,,,,,,,,,,,,,,,,,,,,,,,,,,,,,,,,,,,,,,,,,,,,,,,,,,,,,,,,,,,,,
20261010T054625Z,stage5_3d,event,2026-10-10T05:52:56+00:00,391.3,2,191,,,6,,OOM #6,,,,,,,,,,,,,,,,,,,,,,,,,,,,,,,,,,,,,,,,,,,,,,,,,,,,,,,,,,,,,,,,,,,,,,,,,,,,,,,,,,,,,,,,,,,,,,,,,,,,,
20261010T054625Z,stage5_3d,step,2026-10-10T05:53:20+00:00,415.4,2,200,0.00019986877002170993,4.231608,6,75.22,,0.530838,3.272854,0.115039,0.087468,0.027571,0.045877,0.881215,75.936272,1.207842,0.311964,0.157828,,0.646755,0.831958,0.260039,0.008403,0.203881,0.15918,7.323568,0.300204,5070.0,40.0,110918.0,0.36575,25.488462,23.70673,-1.781733,31.020954,29.478529,-1.542425,18.31883,18.22352,-0.09531,13335.0,13368.0,13368.0,0.831164,0.813018,0.018146,0.130777,13.0,0.674868,0.672855,0.002013,0.37093,3.0,,,,,,0.028182,0.715875,0.53202,0.383833,0.356859,0.536175,0.171374,0.099507,,,,,,,,,,,,,,,,,,,,,,,,,,,,,,,,,,,,,,,,,,
20261010T054625Z,stage5_3d,event,2026-10-10T05:53:23+00:00,418.1,2,202,,,7,,OOM #7,,,,,,,,,,,,,,,,,,,,,,,,,,,,,,,,,,,,,,,,,,,,,,,,,,,,,,,,,,,,,,,,,,,,,,,,,,,,,,,,,,,,,,,,,,,,,,,,,,,,,
20261010T054625Z,stage5_3d,epoch,2026-10-10T05:54:22+00:00,477.5,2,230,0.00019965107032740041,4.197154,7,,,,,,,,,,,,,,,,,,,,,,,,,,,,,,,,,,,,,,,,,,,,,,,,,,,,,,,,,,,,,,0.8208,1.81,0.4541,609191,0.0254,13.2707,0.8663,0.854,0.0123,0.2109,11.2,0.7886,64.2342,2.1517,1.2585,0.8932,3.38,6.01,0.0254,0.0884,3.48,0.4444,0.0018,0.1149,17704,0.6909,0.6925,-0.0016,0.4102,3.0,26.414,24.589,-1.824,82863,30.284,29.048,-1.236,83571,17.908,17.737,-0.171,83571
20261010T054625Z,stage5_3d,step,2026-10-10T05:55:01+00:00,516.9,3,250,0.00019944807296449558,3.899853,7,75.22,,0.287172,3.027534,0.164642,0.040199,0.124443,0.124201,0.590834,42.456074,0.714721,0.162946,0.069477,,0.299093,0.30122,0.467729,0.06638,0.272567,0.240234,3.624544,0.513008,3448.0,40.0,245511.0,0.155561,15.581912,22.501696,6.919784,16.741283,27.370556,10.629272,11.580819,16.186308,4.605489,12859.0,12961.0,12961.0,0.919664,0.778422,0.141241,0.557607,12.0,0.912454,0.653754,0.2587,0.826369,3.0,,,,,,0.027002,0.921784,0.794308,0.398435,0.684696,0.763211,0.144303,0.368779,,,,,,,,,,,,,,,,,,,,,,,,,,,,,,,,,,,,,,,,,,
20261010T054625Z,stage5_3d,step,2026-10-10T05:56:35+00:00,610.8,3,300,0.00019873878121600698,3.725701,7,75.22,,0.277006,2.906838,0.179408,0.039504,0.139905,0.13798,0.567029,33.935886,0.714291,0.196136,0.076436,,0.283803,0.318419,0.25251,0.071824,0.342812,0.222656,3.627919,0.508266,3556.0,40.0,247941.0,0.177567,16.431734,22.341452,5.909718,19.19038,27.518559,8.328178,11.676313,16.017456,4.341143,12746.0,12856.0,12856.0,0.922947,0.794151,0.128796,0.596307,12.0,0.888683,0.673045,0.215638,0.773709,3.0,,,,,,0.023152,0.928092,0.757434,0.406706,0.692245,0.727618,0.14512,0.459651,,,,,,,,,,,,,,,,,,,,,,,,,,,,,,,,,,,,,,,,,,
20261010T054625Z,stage5_3d,epoch,2026-10-10T05:56:56+00:00,631.3,3,307,0.00019861655747453505,3.770678,7,,,,,,,,,,,,,,,,,,,,,,,,,,,,,,,,,,,,,,,,,,,,,,,,,,,,,,,,,,,,,,0.8354,1.84,0.4541,609191,0.0256,8.0191,0.8702,0.8531,0.0171,0.2251,11.2,0.6024,44.6233,1.7921,1.0947,0.6974,3.38,6.01,0.0254,0.1201,4.73,0.5556,0.0069,0.1468,17704,0.691,0.6925,-0.0015,0.4251,3.0,25.007,24.589,-0.418,82863,29.23,29.048,-0.182,83571,17.099,17.737,0.638,83571
20261010T054625Z,stage5_3d,event,2026-10-10T05:58:03+00:00,698.0,4,343,,,8,,OOM #8,,,,,,,,,,,,,,,,,,,,,,,,,,,,,,,,,,,,,,,,,,,,,,,,,,,,,,,,,,,,,,,,,,,,,,,,,,,,,,,,,,,,,,,,,,,,,,,,,,,,,
20261010T054625Z,stage5_3d,event,2026-10-10T05:58:03+00:00,698.9,4,344,,,9,,OOM #9,,,,,,,,,,,,,,,,,,,,,,,,,,,,,,,,,,,,,,,,,,,,,,,,,,,,,,,,,,,,,,,,,,,,,,,,,,,,,,,,,,,,,,,,,,,,,,,,,,,,,
20261010T054625Z,stage5_3d,step,2026-10-10T05:58:13+00:00,708.3,4,350,0.00019774295312338373,3.606308,9,77.19,,0.271491,2.815371,0.194072,0.039459,0.154613,0.151032,0.521855,40.692448,0.770338,0.178569,0.063793,,0.305714,0.362949,0.240985,0.06319,0.403642,0.180664,3.98423,0.467159,3323.0,40.0,244724.0,0.197811,17.633703,22.296133,4.66243,19.303146,27.331751,8.028605,12.77315,16.099276,3.326125,12883.0,12987.0,12987.0,0.911225,0.787541,0.123683,0.58574,11.0,0.875,0.679476,0.195524,0.753933,3.0,,,,,,0.033519,0.903525,0.767193,0.408766,0.709549,0.736952,0.132018,0.392991,,,,,,,,,,,,,,,,,,,,,,,,,,,,,,,,,,,,,,,,,,
20261010T054625Z,stage5_3d,epoch,2026-10-10T05:59:28+00:00,783.9,4,384,0.00019690356137157461,3.554093,9,,,,,,,,,,,,,,,,,,,,,,,,,,,,,,,,,,,,,,,,,,,,,,,,,,,,,,,,,,,,,,0.8409,1.85,0.4541,609191,0.0255,9.2085,0.8732,0.8526,0.0206,0.2384,11.2,0.5232,40.1085,1.5444,0.9381,0.6063,3.38,6.01,0.0254,0.1256,4.95,0.6154,0.0037,0.1313,17704,0.7021,0.6925,0.0096,0.4097,3.0,24.864,24.589,-0.275,82863,29.011,29.048,0.037,83571,16.547,17.737,1.19,83571
20261010T054625Z,stage5_3d,event,2026-10-10T06:00:00+00:00,815.4,5,396,,,10,,OOM #10,,,,,,,,,,,,,,,,,,,,,,,,,,,,,,,,,,,,,,,,,,,,,,,,,,,,,,,,,,,,,,,,,,,,,,,,,,,,,,,,,,,,,,,,,,,,,,,,,,,,,
20261010T054625Z,stage5_3d,step,2026-10-10T06:00:09+00:00,824.2,5,400,0.00019646347855516053,3.428874,10,77.19,,0.502245,3.182192,0.141053,0.101366,0.039687,0.050335,0.509936,24.924004,0.983019,0.357589,0.127663,,0.547352,0.752177,0.24295,0.01476,0.467186,0.069824,10.875509,0.193056,4862.0,40.0,108269.0,0.349258,24.639561,23.329439,-1.310122,29.088871,28.813877,-0.274994,17.985598,16.896561,-1.089037,12838.0,12893.0,12893.0,0.84636,0.807281,0.039079,0.236448,12.0,0.693615,0.677002,0.016613,0.383571,3.0,,,,,,0.021972,0.843483,0.68929,0.387968,0.395252,0.723264,0.171646,0.196,,,,,,,,,,,,,,,,,,,,,,,,,,,,,,,,,,,,,,,,,,
20261010T054625Z,stage5_3d,step,2026-10-10T06:02:16+00:00,951.5,5,450,0.00019490407051494014,3.387592,10,77.19,,0.48617,3.256662,0.105995,0.060301,0.045694,0.051925,0.499872,44.144215,0.965206,0.246535,0.089281,,0.505346,0.759498,0.236683,0.008882,0.529943,0.09082,9.899521,0.205244,5095.0,40.0,112929.0,0.359155,24.828941,24.280457,-0.548485,29.807852,29.888693,0.080841,17.810913,18.295662,0.484749,13315.0,13348.0,13348.0,0.856526,0.815898,0.040628,0.243097,11.0,0.679454,0.667065,0.012389,0.377237,3.0,,,,,,0.026495,0.838917,0.699625,0.400528,0.437739,0.711926,0.167775,0.389875,,,,,,,,,,,,,,,,,,,,,,,,,,,,,,,,,,,,,,,,,,
20261010T054625Z,stage5_3d,epoch,2026-10-10T06:02:41+00:00,976.5,5,460,0.00019455898096474967,3.379064,10,,,,,,,,,,,,,,,,,,,,,,,,,,,,,,,,,,,,,,,,,,,,,,,,,,,,,,,,,,,,,,0.8475,1.87,0.4541,609191,0.0254,9.1442,0.8754,0.8528,0.0226,0.2756,11.2,0.5018,36.4916,1.5079,0.9427,0.5652,3.38,6.01,0.0254,0.1766,6.96,0.4643,0.006,0.1462,17704,0.7038,0.6925,0.0113,0.4342,3.0,24.771,24.589,-0.182,82863,28.776,29.048,0.272,83571,16.642,17.737,1.095,83571
20261010T054625Z,stage5_3d,step,2026-10-10T06:04:31+00:00,1086.1,6,500,0.0001930692543663488,3.270115,10,77.19,,0.319643,3.15378,0.083994,0.078027,0.005967,0.042519,0.446634,24.38764,0.916318,0.408001,0.158462,0.004404,0.434784,0.741906,0.26841,0.042404,0.597756,0.096191,8.648284,0.200246,5991.0,40.0,255681.0,0.38571,26.757238,25.699749,-1.057489,30.73436,30.27651,-0.45785,19.219263,18.744148,-0.475115,12341.0,12709.0,12709.0,0.874812,0.844767,0.030045,0.229309,12.0,0.709076,0.693119,0.015956,0.414126,3.0,1.0,1.0,0.0,1.0,1.0,0.007892,0.829907,0.146514,0.404332,0.315558,0.16735,0.158077,0.158112,,,,,,,,,,,,,,,,,,,,,,,,,,,,,,,,,,,,,,,,,,
20261010T054625Z,stage5_3d,epoch,2026-10-10T06:05:49+00:00,1165.0,6,537,0.00019153728343843484,3.288439,10,,,,,,,,,,,,,,,,,,,,,,,,,,,,,,,,,,,,,,,,,,,,,,,,,,,,,,,,,,,,,,0.8522,1.88,0.4541,609191,0.0256,7.7633,0.8775,0.8527,0.0247,0.2451,11.2,0.4888,33.722,1.457,0.9103,0.5468,3.38,6.01,0.0254,0.1578,6.22,0.8095,0.0078,0.1584,17704,0.7151,0.6925,0.0226,0.4391,3.0,24.64,24.589,-0.051,82863,28.418,29.048,0.63,83571,16.869,17.737,0.868,83571
20261010T054625Z,stage5_3d,step,2026-10-10T06:06:18+00:00,1193.6,7,550,0.00019096435470054239,3.274236,10,77.19,,0.228569,2.491599,0.236714,0.040012,0.196701,0.184807,0.503098,44.580105,0.908042,0.168937,0.053473,,0.258368,0.242407,0.263738,0.072291,0.657543,0.169922,3.833689,0.462513,3481.0,40.0,243336.0,0.148561,14.340781,22.431351,8.090569,16.41066,27.736462,11.325802,11.235618,16.195982,4.960364,12915.0,13018.0,13018.0,0.915542,0.77449,0.141051,0.633871,11.0,0.91649,0.668292,0.248198,0.833393,3.0,,,,,,0.022722,0.896857,0.787774,0.404891,0.780742,0.799531,0.135949,0.459827,,,,,,,,,,,,,,,,,,,,,,,,,,,,,,,,,,,,,,,,,,
20261010T054625Z,stage5_3d,step,2026-10-10T06:07:49+00:00,1284.9,7,600,0.0001885954798843747,3.165905,10,77.19,,0.470043,3.15019,0.131135,0.076603,0.054533,0.057133,0.542306,43.812698,0.839369,0.203123,0.070638,0.015065,0.504506,0.733404,0.218241,0.011477,0.722987,0.090332,8.629108,0.182187,4982.0,40.0,111177.0,0.344254,24.390902,23.578775,-0.812126,29.175694,29.032396,-0.143297,16.822384,16.661245,-0.161139,12985.0,13024.0,13024.0,0.850863,0.794861,0.056002,0.29181,12.0,0.694158,0.670027,0.024131,0.402448,3.0,1.0,1.0,0.0,1.0,1.0,0.02985,0.876647,0.743527,0.380884,0.604624,0.805953,0.171882,0.480712,,,,,,,,,,,,,,,,,,,,,,,,,,,,,,,,,,,,,,,,,,
20261010T054625Z,stage5_3d,epoch,2026-10-10T06:08:26+00:00,1321.8,7,614,0.00018788580836075964,3.228945,10,,,,,,,,,,,,,,,,,,,,,,,,,,,,,,,,,,,,,,,,,,,,,,,,,,,,,,,,,,,,,,0.8606,1.9,0.4541,609191,0.0253,8.688,0.8761,0.8538,0.0223,0.2803,11.2,0.5299,37.3606,1.8195,1.2819,0.5376,3.38,6.01,0.0254,0.207,8.16,0.5645,0.0322,0.1453,17704,0.7131,0.6925,0.0206,0.4384,3.0,24.274,24.589,0.315,82863,28.548,29.048,0.5,83571,17.453,17.737,0.284,83571
20261010T054625Z,stage5_3d,step,2026-10-10T06:09:37+00:00,1393.0,8,650,0.00018596950433406742,3.277552,10,77.19,,0.207039,2.308515,0.275939,0.039092,0.236847,0.218331,0.379214,22.855627,0.763682,0.177383,0.060987,,0.226281,0.209571,0.288098,0.068164,0.768469,0.154297,3.242492,0.518907,3448.0,40.0,251394.0,0.114474,12.096802,21.758713,9.661911,14.192259,27.143492,12.951233,10.211622,15.669431,5.457808,12972.0,13075.0,13075.0,0.924304,0.776682,0.147622,0.641854,12.0,0.931183,0.654839,0.276344,0.878972,3.0,,,,,,0.03199,0.905713,0.772913,0.408831,0.768673,0.766895,0.133951,0.413683,,,,,,,,,,,,,,,,,,,,,,,,,,,,,,,,,,,,,,,,,,
20261010T054625Z,stage5_3d,epoch,2026-10-10T06:10:59+00:00,1474.9,8,691,0.0001836296780315763,3.152437,10,,,,,,,,,,,,,,,,,,,,,,,,,,,,,,,,,,,,,,,,,,,,,,,,,,,,,,,,,,,,,,0.8572,1.89,0.4541,609191,0.0256,7.6095,0.8786,0.8527,0.0259,0.3001,11.2,0.4394,31.7076,1.2622,0.7875,0.4747,3.38,6.01,0.0254,0.1876,7.39,0.5217,0.0386,0.1428,17704,0.715,0.6925,0.0225,0.4539,3.0,25.101,24.589,-0.512,82863,28.475,29.048,0.572,83571,17.994,17.737,-0.257,83571
20261010T054625Z,stage5_3d,step,2026-10-10T06:11:21+00:00,1496.3,9,700,0.00018309404856582415,3.343935,10,77.19,,0.284186,3.068749,0.099358,0.048087,0.051271,0.086045,0.393099,19.142315,0.47531,0.322169,0.117476,1.5e-05,0.325512,0.564917,0.229457,0.037263,0.835187,0.10791,6.91408,0.274476,1291.0,40.0,78415.0,0.315676,23.451506,24.32156,0.870054,26.672386,28.387753,1.715366,16.703629,17.707266,1.003637,3444.0,3501.0,3501.0,0.908598,0.831139,0.077459,0.556955,10.0,0.777846,0.700734,0.077111,0.542982,3.0,1.0,1.0,0.0,1.0,1.0,0.024829,0.970603,0.495076,0.419898,0.395233,0.551632,0.163248,0.343513,,,,,,,,,,,,,,,,,,,,,,,,,,,,,,,,,,,,,,,,,,
20261010T054625Z,stage5_3d,step,2026-10-10T06:12:51+00:00,1586.7,9,750,0.00017997745708128046,2.983577,10,77.19,,0.429246,3.116466,0.129873,0.070133,0.05974,0.067749,0.493026,40.200329,0.752764,0.206584,0.212284,,0.381505,0.657736,0.234408,0.006269,0.889127,0.085938,6.815586,0.303357,4958.0,40.0,109755.0,0.336025,23.342899,23.24761,-0.095289,28.633106,29.205318,0.572212,16.99502,17.513401,0.518381,12999.0,13043.0,13043.0,0.89169,0.824929,0.066761,0.418266,11.0,0.741825,0.685551,0.056274,0.499176,3.0,,,,,,0.040228,0.909201,0.717723,0.381628,0.765642,0.629914,0.177087,1.007412,,,,,,,,,,,,,,,,,,,,,,,,,,,,,,,,,,,,,,,,,,
20261010T054625Z,stage5_3d,epoch,2026-10-10T06:13:27+00:00,1622.6,9,767,0.00017886447227021072,3.0341,10,,,,,,,,,,,,,,,,,,,,,,,,,,,,,,,,,,,,,,,,,,,,,,,,,,,,,,,,,,,,,,0.8627,1.9,0.4541,609191,0.0254,7.4599,0.8753,0.8526,0.0227,0.3176,11.2,0.4279,31.6411,1.2546,0.7823,0.4722,3.38,6.01,0.0254,0.2187,8.62,0.4501,0.0851,0.1486,17704,0.713,0.6925,0.0205,0.4786,3.0,24.45,24.589,0.139,82863,28.313,29.048,0.735,83571,18.026,17.737,-0.289,83571
20261010T054625Z,stage5_3d,event,2026-10-10T06:13:37+00:00,1632.4,10,771,,,11,,OOM #11,,,,,,,,,,,,,,,,,,,,,,,,,,,,,,,,,,,,,,,,,,,,,,,,,,,,,,,,,,,,,,,,,,,,,,,,,,,,,,,,,,,,,,,,,,,,,,,,,,,,,
20261010T054625Z,stage5_3d,event,2026-10-10T06:13:59+00:00,1654.2,10,783,,,12,,OOM #12,,,,,,,,,,,,,,,,,,,,,,,,,,,,,,,,,,,,,,,,,,,,,,,,,,,,,,,,,,,,,,,,,,,,,,,,,,,,,,,,,,,,,,,,,,,,,,,,,,,,,
20261010T054625Z,stage5_3d,event,2026-10-10T06:14:24+00:00,1679.8,10,798,,,13,,OOM #13,,,,,,,,,,,,,,,,,,,,,,,,,,,,,,,,,,,,,,,,,,,,,,,,,,,,,,,,,,,,,,,,,,,,,,,,,,,,,,,,,,,,,,,,,,,,,,,,,,,,,
20261010T054625Z,stage5_3d,step,2026-10-10T06:14:30+00:00,1685.3,10,800,0.0001766287741519663,3.073646,13,77.19,,0.440457,3.039907,0.159552,0.099255,0.060297,0.053875,0.734642,67.64296,0.598646,,,,0.561528,0.839775,0.25701,0.006678,0.9356,0.101562,7.418087,0.237079,4339.0,40.0,94188.0,0.45561,30.715614,30.512505,-0.20311,34.683346,34.55706,-0.126286,20.233278,21.514357,1.281078,13533.0,13556.0,13556.0,0.846508,0.804102,0.042406,0.225806,13.0,0.634001,0.631939,0.002061,0.395644,3.0,,,,,,0.024591,0.947058,,,,,,,,,,,,,,,,,,,,,,,,,,,,,,,,,,,,,,,,,,,,,,,,
20261010T054625Z,stage5_3d,event,2026-10-10T06:15:31+00:00,1746.6,10,832,,,14,,OOM #14,,,,,,,,,,,,,,,,,,,,,,,,,,,,,,,,,,,,,,,,,,,,,,,,,,,,,,,,,,,,,,,,,,,,,,,,,,,,,,,,,,,,,,,,,,,,,,,,,,,,,
20261010T054625Z,stage5_3d,epoch,2026-10-10T06:15:59+00:00,1774.2,10,844,0.0001734976486180134,2.962373,14,,,,,,,,,,,,,,,,,,,,,,,,,,,,,,,,,,,,,,,,,,,,,,,,,,,,,,,,,,,,,,0.8654,1.91,0.4541,609191,0.0255,7.4673,0.8831,0.8533,0.0298,0.3066,11.2,0.4415,31.923,1.3202,0.8608,0.4594,3.38,6.01,0.0254,0.2272,8.95,0.4233,0.0368,0.1419,17704,0.7251,0.6925,0.0326,0.4526,3.0,24.278,24.589,0.312,82863,28.186,29.048,0.861,83571,17.806,17.737,-0.069,83571
20261010T054625Z,stage5_3d,event,2026-10-10T06:16:02+00:00,1777.0,11,845,,,15,,OOM #15,,,,,,,,,,,,,,,,,,,,,,,,,,,,,,,,,,,,,,,,,,,,,,,,,,,,,,,,,,,,,,,,,,,,,,,,,,,,,,,,,,,,,,,,,,,,,,,,,,,,,
20261010T054625Z,stage5_3d,step,2026-10-10T06:16:11+00:00,1786.5,11,850,0.00017305771757305323,2.793334,15,77.19,,0.193931,2.167018,0.311034,0.039799,0.271235,0.244318,0.346579,23.557541,0.597866,0.155991,0.063132,,0.214443,0.225255,0.281552,0.077373,0.997218,0.170898,3.877871,0.443515,3456.0,40.0,246235.0,0.128605,12.504473,22.916569,10.412096,14.533255,27.790104,13.256849,10.326211,16.348087,6.021876,12894.0,13001.0,13001.0,0.929398,0.782986,0.146412,0.625311,12.0,0.924729,0.653044,0.271685,0.861413,3.0,,,,,,0.024411,0.946308,0.807392,0.390857,0.803682,0.795922,0.147851,0.469185,,,,,,,,,,,,,,,,,,,,,,,,,,,,,,,,,,,,,,,,,,
20261010T054625Z,stage5_3d,step,2026-10-10T06:17:47+00:00,1882.7,11,900,0.00016927465046255293,2.938156,15,77.19,,0.193898,2.151847,0.32254,0.03993,0.28261,0.254847,0.342302,23.564583,0.597338,0.154393,0.059961,,0.178954,0.221487,0.394521,0.07779,1.046984,0.15625,3.860649,0.44751,3787.0,40.0,244169.0,0.105777,10.675884,21.990133,11.314249,12.406409,27.115803,14.709394,9.225281,16.33337,7.108089,12602.0,12703.0,12703.0,0.943227,0.777396,0.16583,0.801482,11.0,0.925754,0.640335,0.285419,0.865782,3.0,,,,,,0.025623,0.943066,0.796273,0.405903,0.83153,0.749114,0.135325,0.426919,,,,,,,,,,,,,,,,,,,,,,,,,,,,,,,,,,,,,,,,,,
20261010T054625Z,stage5_3d,epoch,2026-10-10T06:18:33+00:00,1928.3,11,921,0.00016762516084958573,2.927357,15,,,,,,,,,,,,,,,,,,,,,,,,,,,,,,,,,,,,,,,,,,,,,,,,,,,,,,,,,,,,,,0.869,1.91,0.4541,609191,0.0252,7.6847,0.8804,0.8532,0.0272,0.3075,11.2,0.4099,28.9809,1.2468,0.7984,0.4484,3.38,6.01,0.0254,0.2323,9.15,0.5106,0.0998,0.1466,17704,0.7284,0.6925,0.0359,0.4732,3.0,24.329,24.589,0.261,82863,28.362,29.048,0.685,83571,16.338,17.737,1.399,83571
20261010T054625Z,stage5_3d,step,2026-10-10T06:19:27+00:00,1982.9,12,950,0.00016529055118780448,2.837802,15,77.19,,0.179895,2.08117,0.340861,0.039108,0.301753,0.272485,0.325392,12.378164,0.531602,0.115178,0.047243,,0.182409,0.221545,0.381566,0.064377,1.09838,0.143555,4.24733,0.409667,2959.0,40.0,247201.0,0.09899,10.300992,22.44215,12.141158,11.667366,27.278683,15.611317,8.407187,15.825274,7.418087,12993.0,13097.0,13097.0,0.944238,0.788104,0.156134,0.834759,11.0,0.92467,0.683121,0.241549,0.852067,3.0,,,,,,0.032251,0.952008,0.857614,0.400679,0.85205,0.838474,0.141472,0.455658,,,,,,,,,,,,,,,,,,,,,,,,,,,,,,,,,,,,,,,,,,
20261010T054625Z,stage5_3d,epoch,2026-10-10T06:20:58+00:00,2073.8,12,997,0.00016137252044454205,2.880643,15,,,,,,,,,,,,,,,,,,,,,,,,,,,,,,,,,,,,,,,,,,,,,,,,,,,,,,,,,,,,,,0.8728,1.92,0.4541,609191,0.0254,7.4517,0.8843,0.8532,0.0311,0.2984,11.2,0.4012,29.0746,1.1807,0.7529,0.4279,3.38,6.01,0.0254,0.2429,9.57,0.5177,0.0672,0.1651,17704,0.7313,0.6925,0.0388,0.475,3.0,24.133,24.589,0.456,82863,27.981,29.048,1.067,83571,17.383,17.737,0.354,83571
20261010T054625Z,stage5_3d,step,2026-10-10T06:21:07+00:00,2082.3,13,1000,0.00016111698150652357,2.516572,15,77.19,,0.19409,2.206772,0.28322,0.038185,0.245035,0.229354,0.351244,21.257099,0.687982,0.172418,0.057544,,0.261435,0.277865,0.282939,0.073544,1.14392,0.151367,4.092149,0.433675,3568.0,40.0,250842.0,0.132371,13.178542,22.374395,9.195853,15.167062,27.532217,12.365155,10.340439,16.070265,5.729826,12807.0,12910.0,12910.0,0.922366,0.789238,0.133128,0.69315,11.0,0.908557,0.640312,0.268246,0.84703,3.0,,,,,,0.028427,0.922854,0.782364,0.413869,0.747036,0.777219,0.134137,0.40422,,,,,,,,,,,,,,,,,,,,,,,,,,,,,,,,,,,,,,,,,,
20261010T054625Z,stage5_3d,event,2026-10-10T06:21:56+00:00,2131.6,13,1029,,,16,,OOM #16,,,,,,,,,,,,,,,,,,,,,,,,,,,,,,,,,,,,,,,,,,,,,,,,,,,,,,,,,,,,,,,,,,,,,,,,,,,,,,,,,,,,,,,,,,,,,,,,,,,,,
20261010T054625Z,stage5_3d,step,2026-10-10T06:22:33+00:00,2168.7,13,1050,0.00015676605301486702,2.816431,16,77.19,,0.285539,3.052563,0.097026,0.062656,0.03437,0.067729,0.384865,28.230215,0.456435,0.345685,0.131745,0.0,0.280763,0.570029,0.261162,0.039551,1.189351,0.099609,6.837066,0.241729,5125.0,40.0,274175.0,0.389577,27.936686,27.897331,-0.039354,30.89716,31.523024,0.625864,17.990892,19.263903,1.27301,12876.0,13120.0,13120.0,0.923122,0.876878,0.046244,0.374163,12.0,0.787449,0.752794,0.034656,0.491825,3.0,1.0,1.0,0.0,1.0,1.0,0.015658,0.968338,0.379182,0.390249,0.343094,0.493431,0.165252,0.260729,,,,,,,,,,,,,,,,,,,,,,,,,,,,,,,,,,,,,,,,,,
20261010T054625Z,stage5_3d,epoch,2026-10-10T06:23:22+00:00,2217.4,13,1074,0.00015461829828835688,2.845318,16,,,,,,,,,,,,,,,,,,,,,,,,,,,,,,,,,,,,,,,,,,,,,,,,,,,,,,,,,,,,,,0.872,1.92,0.4541,609191,0.0257,7.8507,0.8866,0.8525,0.0342,0.3239,11.2,0.423,30.519,1.3104,0.8657,0.4448,3.38,6.01,0.0254,0.2531,9.97,0.543,0.0377,0.1651,17704,0.7323,0.6925,0.0398,0.4661,3.0,24.104,24.589,0.486,82863,28.041,29.048,1.007,83571,16.368,17.737,1.369,83571
20261010T054625Z,stage5_3d,step,2026-10-10T06:24:13+00:00,2268.1,14,1100,0.00015225039199987976,2.916224,16,77.19,,0.4067,3.045283,0.130092,0.06101,0.069082,0.070397,0.390553,27.565273,0.558178,0.158556,0.053924,,0.359638,0.618288,0.221874,0.008075,1.230375,0.099121,8.747091,0.175709,5256.0,40.0,118144.0,0.333332,23.725445,24.132166,0.406721,28.689999,29.894625,1.204626,16.688269,17.756493,1.068224,13851.0,13893.0,13893.0,0.895358,0.812595,0.082763,0.438071,12.0,0.749713,0.676268,0.073445,0.510973,3.0,,,,,,0.019561,0.954632,0.819698,0.398908,0.711306,0.848644,0.165199,0.495353,,,,,,,,,,,,,,,,,,,,,,,,,,,,,,,,,,,,,,,,,,
20261010T054625Z,stage5_3d,event,2026-10-10T06:25:25+00:00,2340.3,14,1140,,,17,,OOM #17,,,,,,,,,,,,,,,,,,,,,,,,,,,,,,,,,,,,,,,,,,,,,,,,,,,,,,,,,,,,,,,,,,,,,,,,,,,,,,,,,,,,,,,,,,,,,,,,,,,,,
20261010T054625Z,stage5_3d,event,2026-10-10T06:25:25+00:00,2340.8,14,1141,,,18,,OOM #18,,,,,,,,,,,,,,,,,,,,,,,,,,,,,,,,,,,,,,,,,,,,,,,,,,,,,,,,,,,,,,,,,,,,,,,,,,,,,,,,,,,,,,,,,,,,,,,,,,,,,
20261010T054625Z,stage5_3d,event,2026-10-10T06:25:34+00:00,2349.8,14,1147,,,19,,OOM #19,,,,,,,,,,,,,,,,,,,,,,,,,,,,,,,,,,,,,,,,,,,,,,,,,,,,,,,,,,,,,,,,,,,,,,,,,,,,,,,,,,,,,,,,,,,,,,,,,,,,,
20261010T054625Z,stage5_3d,event,2026-10-10T06:25:39+00:00,2354.2,14,1150,,,20,,OOM #20,,,,,,,,,,,,,,,,,,,,,,,,,,,,,,,,,,,,,,,,,,,,,,,,,,,,,,,,,,,,,,,,,,,,,,,,,,,,,,,,,,,,,,,,,,,,,,,,,,,,,
20261010T054625Z,stage5_3d,event,2026-10-10T06:25:39+00:00,2354.8,14,1151,,,21,,OOM #21,,,,,,,,,,,,,,,,,,,,,,,,,,,,,,,,,,,,,,,,,,,,,,,,,,,,,,,,,,,,,,,,,,,,,,,,,,,,,,,,,,,,,,,,,,,,,,,,,,,,,
20261010T054625Z,stage5_3d,epoch,2026-10-10T06:25:46+00:00,2361.6,14,1151,0.00014748830272857288,2.7491,21,,,,,,,,,,,,,,,,,,,,,,,,,,,,,,,,,,,,,,,,,,,,,,,,,,,,,,,,,,,,,,0.8733,1.92,0.4541,609191,0.0254,7.8313,0.8869,0.8534,0.0335,0.3218,11.2,0.3802,28.2481,1.0607,0.6718,0.3889,3.38,6.01,0.0254,0.2715,10.7,0.596,0.0685,0.1666,17704,0.7287,0.6925,0.0362,0.485,3.0,23.904,24.589,0.686,82863,27.866,29.048,1.182,83571,16.947,17.737,0.79,83571
20261010T054625Z,stage5_3d,event,2026-10-10T06:26:13+00:00,2388.2,15,1164,,,22,,OOM #22,,,,,,,,,,,,,,,,,,,,,,,,,,,,,,,,,,,,,,,,,,,,,,,,,,,,,,,,,,,,,,,,,,,,,,,,,,,,,,,,,,,,,,,,,,,,,,,,,,,,,
20261010T054625Z,stage5_3d,event,2026-10-10T06:26:26+00:00,2401.5,15,1173,,,23,,OOM #23,,,,,,,,,,,,,,,,,,,,,,,,,,,,,,,,,,,,,,,,,,,,,,,,,,,,,,,,,,,,,,,,,,,,,,,,,,,,,,,,,,,,,,,,,,,,,,,,,,,,,
20261010T054625Z,stage5_3d,event,2026-10-10T06:26:47+00:00,2422.3,15,1185,,,24,,OOM #24,,,,,,,,,,,,,,,,,,,,,,,,,,,,,,,,,,,,,,,,,,,,,,,,,,,,,,,,,,,,,,,,,,,,,,,,,,,,,,,,,,,,,,,,,,,,,,,,,,,,,
20261010T054625Z,stage5_3d,event,2026-10-10T06:26:48+00:00,2423.6,15,1186,,,25,,OOM #25,,,,,,,,,,,,,,,,,,,,,,,,,,,,,,,,,,,,,,,,,,,,,,,,,,,,,,,,,,,,,,,,,,,,,,,,,,,,,,,,,,,,,,,,,,,,,,,,,,,,,
20261010T054625Z,stage5_3d,event,2026-10-10T06:26:54+00:00,2429.9,15,1190,,,26,,OOM #26,,,,,,,,,,,,,,,,,,,,,,,,,,,,,,,,,,,,,,,,,,,,,,,,,,,,,,,,,,,,,,,,,,,,,,,,,,,,,,,,,,,,,,,,,,,,,,,,,,,,,
20261010T054625Z,stage5_3d,step,2026-10-10T06:27:12+00:00,2447.0,15,1200,0.00014277772976820628,2.673197,26,77.19,,0.394442,2.970717,0.165272,0.096981,0.068291,0.060433,0.406171,33.931641,0.565478,,,,0.36139,0.713957,0.405018,0.005137,1.299536,0.103027,9.894044,0.202026,5184.0,40.0,96354.0,0.353729,24.687525,24.223713,-0.463812,29.026699,29.166111,0.139412,17.451361,18.204166,0.752806,13881.0,13901.0,13901.0,0.888696,0.816358,0.072338,0.33164,13.0,0.712972,0.67871,0.034262,0.428872,3.0,,,,,,0.026433,0.943597,,,,,,,,,,,,,,,,,,,,,,,,,,,,,,,,,,,,,,,,,,,,,,,,
20261010T054625Z,stage5_3d,event,2026-10-10T06:27:17+00:00,2452.8,15,1203,,,27,,OOM #27,,,,,,,,,,,,,,,,,,,,,,,,,,,,,,,,,,,,,,,,,,,,,,,,,,,,,,,,,,,,,,,,,,,,,,,,,,,,,,,,,,,,,,,,,,,,,,,,,,,,,
20261010T054625Z,stage5_3d,epoch,2026-10-10T06:28:10+00:00,2505.0,15,1227,0.00014013030728498587,2.688759,27,,,,,,,,,,,,,,,,,,,,,,,,,,,,,,,,,,,,,,,,,,,,,,,,,,,,,,,,,,,,,,0.8734,1.92,0.4541,609191,0.0254,8.0966,0.8855,0.8533,0.0323,0.3327,11.2,0.3663,27.0854,0.973,0.5965,0.3765,3.38,6.01,0.0254,0.2775,10.94,0.5507,0.1398,0.171,17704,0.7317,0.6925,0.0392,0.4882,3.0,24.23,24.589,0.359,82863,28.105,29.048,0.943,83571,17.101,17.737,0.636,83571
20261010T054625Z,stage5_3d,event,2026-10-10T06:28:13+00:00,2508.6,16,1228,,,28,,OOM #28,,,,,,,,,,,,,,,,,,,,,,,,,,,,,,,,,,,,,,,,,,,,,,,,,,,,,,,,,,,,,,,,,,,,,,,,,,,,,,,,,,,,,,,,,,,,,,,,,,,,,
20261010T054625Z,stage5_3d,event,2026-10-10T06:28:23+00:00,2519.0,16,1232,,,29,,OOM #29,,,,,,,,,,,,,,,,,,,,,,,,,,,,,,,,,,,,,,,,,,,,,,,,,,,,,,,,,,,,,,,,,,,,,,,,,,,,,,,,,,,,,,,,,,,,,,,,,,,,,
20261010T054625Z,stage5_3d,event,2026-10-10T06:28:35+00:00,2530.8,16,1238,,,30,,OOM #30,,,,,,,,,,,,,,,,,,,,,,,,,,,,,,,,,,,,,,,,,,,,,,,,,,,,,,,,,,,,,,,,,,,,,,,,,,,,,,,,,,,,,,,,,,,,,,,,,,,,,
20261010T054625Z,stage5_3d,step,2026-10-10T06:28:53+00:00,2548.9,16,1250,0.00013784821798340722,2.719273,30,77.19,,0.177444,2.015545,0.342228,0.04199,0.300238,0.276757,0.349372,26.014647,0.59708,0.174537,0.066891,,0.214577,0.240175,0.283769,0.071683,1.332412,0.163086,6.781509,0.27702,3360.0,40.0,243643.0,0.119788,11.827173,22.070475,10.243301,14.830336,27.532518,12.702183,10.562547,16.331728,5.769181,12752.0,12853.0,12853.0,0.932441,0.792857,0.139583,0.711062,11.0,0.922746,0.66169,0.261056,0.857228,3.0,,,,,,0.026856,0.942381,0.76915,0.405451,0.809576,0.712117,0.133286,0.465323,,,,,,,,,,,,,,,,,,,,,,,,,,,,,,,,,,,,,,,,,,
20261010T054625Z,stage5_3d,step,2026-10-10T06:30:21+00:00,2636.7,16,1300,0.00013280887276539933,2.790699,30,77.19,,0.158951,1.94146,0.352376,0.040222,0.312154,0.28859,0.257212,15.392007,0.527334,0.138714,0.048462,,0.164186,0.168661,0.291517,0.071247,1.367046,0.155273,6.581781,0.27966,3643.0,40.0,244683.0,0.091692,10.185454,21.979288,11.793834,11.785957,27.419106,15.633148,8.667727,15.57457,6.906843,12736.0,12844.0,12844.0,0.949492,0.779577,0.169915,0.734356,12.0,0.943383,0.656208,0.287174,0.887365,3.0,,,,,,0.024682,0.954247,0.83244,0.398923,0.800448,0.839929,0.139286,0.495867,,,,,,,,,,,,,,,,,,,,,,,,,,,,,,,,,,,,,,,,,,
20261010T054625Z,stage5_3d,epoch,2026-10-10T06:30:38+00:00,2653.9,16,1304,0.00013240141634653912,2.756937,30,,,,,,,,,,,,,,,,,,,,,,,,,,,,,,,,,,,,,,,,,,,,,,,,,,,,,,,,,,,,,,0.8772,1.93,0.4541,609191,0.0255,8.2655,0.8878,0.8535,0.0343,0.3532,11.2,0.3745,28.3569,0.9571,0.593,0.3642,3.38,6.01,0.0254,0.2674,10.54,0.5431,0.0782,0.1697,17704,0.734,0.6925,0.0415,0.4904,3.0,24.072,24.589,0.517,82863,27.771,29.048,1.277,83571,16.225,17.737,1.512,83571
20261010T054625Z,stage5_3d,step,2026-10-10T06:32:04+00:00,2739.8,17,1350,0.00012767431816956823,2.727812,30,77.19,,0.395121,3.050309,0.121105,0.08114,0.039965,0.053203,0.466985,42.452045,1.040178,,,,0.400418,0.810513,0.549972,0.006139,1.398791,0.12207,13.394025,0.120716,4640.0,40.0,100012.0,0.415628,28.813334,28.50452,-0.308813,33.292763,33.479023,0.18626,18.27297,17.916048,-0.356922,14883.0,14899.0,14899.0,0.872629,0.803233,0.069397,0.434657,11.0,0.661486,0.615357,0.046129,0.418317,3.0,,,,,,0.047804,0.832644,,,,,,,,,,,,,,,,,,,,,,,,,,,,,,,,,,,,,,,,,,,,,,,,
20261010T054625Z,stage5_3d,epoch,2026-10-10T06:33:03+00:00,2798.7,17,1381,0.00012444960507292463,2.719683,30,,,,,,,,,,,,,,,,,,,,,,,,,,,,,,,,,,,,,,,,,,,,,,,,,,,,,,,,,,,,,,0.8763,1.93,0.4541,609191,0.0255,8.7709,0.8858,0.8525,0.0333,0.3589,11.2,0.3985,33.7659,1.0035,0.6365,0.3669,3.38,6.01,0.0254,0.313,12.33,0.6022,0.1247,0.1644,17704,0.7262,0.6925,0.0337,0.5235,3.0,24.053,24.589,0.536,82863,28.093,29.048,0.955,83571,16.388,17.737,1.349,83571
20261010T054625Z,stage5_3d,step,2026-10-10T06:33:39+00:00,2835.0,18,1400,0.00012245945454656318,2.521009,30,77.19,,0.148474,1.821239,0.385527,0.040689,0.344837,0.318819,0.280735,16.258209,0.530251,0.133625,0.046597,,0.150082,0.124691,0.30047,0.077228,1.426973,0.15332,6.646688,0.272534,3742.0,40.0,249521.0,0.0753,9.140088,21.770164,12.630076,10.361804,26.679438,16.317634,8.063595,15.495816,7.432221,12828.0,12935.0,12935.0,0.952165,0.784874,0.16729,0.812676,11.0,0.962619,0.65693,0.305689,0.936794,3.0,,,,,,0.025051,0.954646,0.836154,0.416263,0.839605,0.813659,0.133292,0.451115,,,,,,,,,,,,,,,,,,,,,,,,,,,,,,,,,,,,,,,,,,
20261010T054625Z,stage5_3d,step,2026-10-10T06:35:10+00:00,2925.1,18,1450,0.00011717941530184711,2.690085,30,77.19,,0.387009,3.019914,0.13746,0.082566,0.054894,0.052658,0.356676,28.723242,1.097608,,,1e-05,0.347237,0.73569,0.419486,0.003592,1.454109,0.089355,13.614674,0.120423,4216.0,40.0,104955.0,0.428319,29.632189,29.488831,-0.143358,33.811295,34.223408,0.412113,17.748205,18.44054,0.692335,15655.0,15676.0,15676.0,0.892078,0.818786,0.073292,0.458335,11.0,0.691137,0.63009,0.061046,0.485453,3.0,1.0,1.0,0.0,1.0,1.0,0.059889,0.831185,,,,,,,,,,,,,,,,,,,,,,,,,,,,,,,,,,,,,,,,,,,,,,,,
20261010T054625Z,stage5_3d,epoch,2026-10-10T06:35:34+00:00,2949.1,18,1458,0.00011632958225522917,2.660475,30,,,,,,,,,,,,,,,,,,,,,,,,,,,,,,,,,,,,,,,,,,,,,,,,,,,,,,,,,,,,,,0.8772,1.93,0.4541,609191,0.0254,9.6596,0.8898,0.8528,0.037,0.3566,11.2,0.3666,27.1295,1.0139,0.6955,0.3185,3.38,6.01,0.0254,0.322,12.69,0.5609,0.1187,0.1724,17704,0.7417,0.6925,0.0492,0.4913,3.0,23.846,24.589,0.744,82863,27.694,29.048,1.354,83571,16.664,17.737,1.073,83571
20261010T054625Z,stage5_3d,step,2026-10-10T06:36:54+00:00,3029.4,19,1500,0.00011184952297892776,2.643517,30,77.19,,0.166445,1.916136,0.374868,0.038781,0.336086,0.317359,0.275761,20.418436,0.559424,0.127328,0.049274,,0.152637,0.192029,0.357448,0.073652,1.481064,0.161133,7.14775,0.281175,3798.0,40.0,249293.0,0.099875,10.212111,22.020163,11.808052,12.005961,27.163563,15.157601,9.020004,16.237247,7.217243,12591.0,12693.0,12693.0,0.951027,0.794102,0.156925,0.790581,11.0,0.94,0.649154,0.290846,0.897324,3.0,,,,,,0.02895,0.948827,0.844873,0.399124,0.830778,0.823294,0.137554,0.460042,,,,,,,,,,,,,,,,,,,,,,,,,,,,,,,,,,,,,,,,,,
20261010T054625Z,stage5_3d,event,2026-10-10T06:37:11+00:00,3046.3,19,1507,,,31,,OOM #31,,,,,,,,,,,,,,,,,,,,,,,,,,,,,,,,,,,,,,,,,,,,,,,,,,,,,,,,,,,,,,,,,,,,,,,,,,,,,,,,,,,,,,,,,,,,,,,,,,,,,
20261010T054625Z,stage5_3d,epoch,2026-10-10T06:38:03+00:00,3098.4,19,1535,0.00010809721398693369,2.625759,31,,,,,,,,,,,,,,,,,,,,,,,,,,,,,,,,,,,,,,,,,,,,,,,,,,,,,,,,,,,,,,0.8814,1.94,0.4541,609191,0.0256,9.57,0.8915,0.853,0.0384,0.377,11.2,0.3769,27.3505,1.0596,0.6604,0.3992,3.38,6.01,0.0254,0.3385,13.34,0.5866,0.1527,0.158,17704,0.7354,0.6925,0.0429,0.5062,3.0,23.837,24.589,0.752,82863,27.764,29.048,1.284,83571,16.246,17.737,1.491,83571
20261010T054625Z,stage5_3d,step,2026-10-10T06:38:34+00:00,3129.0,20,1550,0.00010648524479371483,2.428293,31,77.19,,0.159229,1.901384,0.370956,0.042138,0.328818,0.306073,0.254756,15.412241,0.489357,0.110476,0.041855,,0.170712,0.188898,0.268097,0.079314,1.50632,0.15332,7.687833,0.248775,3649.0,40.0,245620.0,0.102292,10.418347,22.483366,12.065019,12.289545,27.756048,15.466503,9.266458,16.294363,7.027905,12801.0,12904.0,12904.0,0.944916,0.792546,0.152371,0.729917,12.0,0.937854,0.662652,0.275202,0.889778,3.0,,,,,,0.027657,0.959737,0.861915,0.403392,0.837582,0.835967,0.133121,0.465224,,,,,,,,,,,,,,,,,,,,,,,,,,,,,,,,,,,,,,,,,,
20261010T054625Z,stage5_3d,event,2026-10-10T06:38:54+00:00,3149.4,20,1562,,,32,,OOM #32,,,,,,,,,,,,,,,,,,,,,,,,,,,,,,,,,,,,,,,,,,,,,,,,,,,,,,,,,,,,,,,,,,,,,,,,,,,,,,,,,,,,,,,,,,,,,,,,,,,,,
20261010T054625Z,stage5_3d,event,2026-10-10T06:39:23+00:00,3178.4,20,1580,,,33,,OOM #33,,,,,,,,,,,,,,,,,,,,,,,,,,,,,,,,,,,,,,,,,,,,,,,,,,,,,,,,,,,,,,,,,,,,,,,,,,,,,,,,,,,,,,,,,,,,,,,,,,,,,
20261010T054625Z,stage5_3d,event,2026-10-10T06:39:29+00:00,3184.5,20,1583,,,34,,OOM #34,,,,,,,,,,,,,,,,,,,,,,,,,,,,,,,,,,,,,,,,,,,,,,,,,,,,,,,,,,,,,,,,,,,,,,,,,,,,,,,,,,,,,,,,,,,,,,,,,,,,,
20261010T054625Z,stage5_3d,step,2026-10-10T06:40:01+00:00,3216.9,20,1600,0.00010110214774904131,2.604104,34,77.19,,0.169355,1.94131,0.351195,0.039913,0.311282,0.293471,0.269244,22.21969,0.577242,0.171781,0.060201,,0.179327,0.202362,0.289878,0.073304,1.526035,0.15918,7.820527,0.242815,3300.0,40.0,246521.0,0.103627,10.862315,21.616562,10.754247,13.055323,27.009277,13.953955,9.370495,15.69476,6.324265,12556.0,12659.0,12659.0,0.950303,0.793636,0.156667,0.724911,12.0,0.92832,0.649001,0.279318,0.866736,3.0,,,,,,0.027418,0.945542,0.774794,0.402622,0.793333,0.777761,0.139397,0.451781,,,,,,,,,,,,,,,,,,,,,,,,,,,,,,,,,,,,,,,,,,
20261010T054625Z,stage5_3d,event,2026-10-10T06:40:12+00:00,3227.7,20,1604,,,35,,OOM #35,,,,,,,,,,,,,,,,,,,,,,,,,,,,,,,,,,,,,,,,,,,,,,,,,,,,,,,,,,,,,,,,,,,,,,,,,,,,,,,,,,,,,,,,,,,,,,,,,,,,,
20261010T054625Z,stage5_3d,epoch,2026-10-10T06:40:32+00:00,3247.9,20,1612,9.980913930287478e-05,2.558039,35,,,,,,,,,,,,,,,,,,,,,,,,,,,,,,,,,,,,,,,,,,,,,,,,,,,,,,,,,,,,,,0.8797,1.94,0.4541,609191,0.0254,10.5223,0.8911,0.8524,0.0386,0.3903,11.2,0.3402,26.5682,0.7855,0.4886,0.2969,3.38,6.01,0.0254,0.3338,13.15,0.5683,0.1435,0.1692,17704,0.7391,0.6925,0.0466,0.4976,3.0,23.771,24.589,0.818,82863,27.504,29.048,1.544,83571,16.649,17.737,1.088,83571
20261010T054625Z,stage5_3d,step,2026-10-10T06:41:44+00:00,3319.3,21,1650,9.57158534596056e-05,2.547281,35,77.19,,0.332518,2.927207,0.142965,0.082074,0.060891,0.056604,0.342225,25.820251,0.749077,,,,0.399701,0.721559,0.309162,0.005447,1.546531,0.09668,14.91686,0.111848,3832.0,40.0,98947.0,0.388634,27.739351,27.691326,-0.048025,31.309694,32.284431,0.974737,16.930286,17.298651,0.368364,14937.0,14953.0,14953.0,0.881785,0.818372,0.063413,0.430058,11.0,0.708931,0.644727,0.064204,0.492752,3.0,,,,,,0.050638,0.903408,,,,,,,,,,,,,,,,,,,,,,,,,,,,,,,,,,,,,,,,,,,,,,,,
20261010T054625Z,stage5_3d,epoch,2026-10-10T06:42:53+00:00,3388.7,21,1689,9.152238050033794e-05,2.56404,35,,,,,,,,,,,,,,,,,,,,,,,,,,,,,,,,,,,,,,,,,,,,,,,,,,,,,,,,,,,,,,0.8812,1.94,0.4541,609191,0.0254,10.6796,0.891,0.8527,0.0383,0.3832,11.2,0.3661,27.1531,0.9972,0.7014,0.2959,3.38,6.01,0.0254,0.3494,13.77,0.6758,0.1132,0.1719,17704,0.7374,0.6925,0.0449,0.5043,3.0,23.757,24.589,0.832,82863,27.457,29.048,1.59,83571,16.359,17.737,1.378,83571
20261010T054625Z,stage5_3d,event,2026-10-10T06:43:10+00:00,3405.6,22,1696,,,36,,OOM #36,,,,,,,,,,,,,,,,,,,,,,,,,,,,,,,,,,,,,,,,,,,,,,,,,,,,,,,,,,,,,,,,,,,,,,,,,,,,,,,,,,,,,,,,,,,,,,,,,,,,,
20261010T054625Z,stage5_3d,step,2026-10-10T06:43:20+00:00,3415.6,22,1700,9.034199281843149e-05,2.627477,36,77.19,,0.312284,2.959182,0.125137,0.081043,0.044095,0.054781,0.383123,26.768829,0.923092,,,,0.386326,0.673365,0.311795,0.00447,1.56518,0.108398,14.528626,0.119991,4239.0,40.0,102008.0,0.390023,27.678667,27.571386,-0.107281,31.938532,32.478382,0.53985,16.636726,17.309628,0.672901,15019.0,15035.0,15035.0,0.873083,0.818353,0.05473,0.335428,11.0,0.718296,0.6459,0.072396,0.484449,3.0,,,,,,0.071025,0.853363,,,,,,,,,,,,,,,,,,,,,,,,,,,,,,,,,,,,,,,,,,,,,,,,
20261010T054625Z,stage5_3d,event,2026-10-10T06:43:44+00:00,3439.3,22,1713,,,37,,OOM #37,,,,,,,,,,,,,,,,,,,,,,,,,,,,,,,,,,,,,,,,,,,,,,,,,,,,,,,,,,,,,,,,,,,,,,,,,,,,,,,,,,,,,,,,,,,,,,,,,,,,,
20261010T054625Z,stage5_3d,step,2026-10-10T06:44:49+00:00,3504.3,22,1750,8.499616063640253e-05,2.504584,37,77.23,,0.162028,1.893392,0.379673,0.040425,0.339247,0.320047,0.267052,15.460022,0.487665,0.104163,0.039527,,0.156074,0.17049,0.265311,0.070662,1.58282,0.149414,8.53536,0.215725,3325.0,40.0,244348.0,0.105116,10.521277,22.62672,12.105443,12.138397,27.757494,15.619097,9.049894,16.595993,7.546099,12883.0,12988.0,12988.0,0.949474,0.793383,0.15609,0.804817,11.0,0.944557,0.664305,0.280252,0.912989,3.0,,,,,,0.024517,0.961237,0.868798,0.39582,0.853162,0.873358,0.146323,0.474748,,,,,,,,,,,,,,,,,,,,,,,,,,,,,,,,,,,,,,,,,,
20261010T054625Z,stage5_3d,epoch,2026-10-10T06:45:23+00:00,3538.6,22,1766,8.329395082328936e-05,2.519654,37,,,,,,,,,,,,,,,,,,,,,,,,,,,,,,,,,,,,,,,,,,,,,,,,,,,,,,,,,,,,,,0.8813,1.94,0.4541,609191,0.0258,11.5283,0.8919,0.8528,0.039,0.3769,11.2,0.3302,26.3563,0.7261,0.4568,0.2693,3.38,6.01,0.0254,0.36,14.19,0.6135,0.2001,0.1748,17704,0.7411,0.6925,0.0486,0.5112,3.0,23.8,24.589,0.789,82863,27.439,29.048,1.609,83571,16.701,17.737,1.036,83571
20261010T054625Z,stage5_3d,step,2026-10-10T06:46:33+00:00,3608.1,23,1800,7.969387038650594e-05,2.540164,37,77.23,,0.360824,2.954084,0.140569,0.056597,0.083972,0.09147,0.311443,25.28924,0.426206,0.071594,0.022129,,0.247379,0.467639,0.22361,0.004531,1.597865,0.087402,10.188448,0.226325,1757.0,40.0,39726.0,0.26983,20.483398,23.038288,2.55489,24.8274,29.736488,4.909088,16.179548,18.06749,1.887941,4444.0,4456.0,4456.0,0.927718,0.807057,0.12066,0.63032,11.0,0.817816,0.677383,0.140433,0.668991,3.0,,,,,,0.030683,0.967974,0.925425,0.393467,0.892619,0.94491,0.172151,0.608139,,,,,,,,,,,,,,,,,,,,,,,,,,,,,,,,,,,,,,,,,,
20261010T054625Z,stage5_3d,epoch,2026-10-10T06:47:57+00:00,3692.8,23,1842,7.528485745233515e-05,2.495888,37,,,,,,,,,,,,,,,,,,,,,,,,,,,,,,,,,,,,,,,,,,,,,,,,,,,,,,,,,,,,,,0.8847,1.95,0.4541,609191,0.0256,11.7238,0.8926,0.8544,0.0382,0.3812,11.2,0.3276,26.4022,0.7278,0.4651,0.2628,3.38,6.01,0.0254,0.359,14.15,0.594,0.2369,0.1648,17704,0.7393,0.6925,0.0468,0.5148,3.0,23.593,24.589,0.997,82863,27.274,29.048,1.774,83571,16.259,17.737,1.478,83571
20261010T054625Z,stage5_3d,step,2026-10-10T06:48:15+00:00,3710.2,24,1850,7.445050918411706e-05,2.546048,37,77.23,,0.15212,1.843027,0.391799,0.038871,0.352927,0.333892,0.212471,11.353097,0.518549,0.121481,0.044431,,0.162416,0.201078,0.33589,0.066231,1.611124,0.15918,8.455665,0.215826,3335.0,40.0,240281.0,0.089571,9.650453,21.535187,11.884734,11.057416,26.836517,15.779101,8.825516,15.852979,7.027463,12597.0,12702.0,12702.0,0.950825,0.798501,0.152324,0.732564,12.0,0.929403,0.658762,0.270641,0.872243,3.0,,,,,,0.027095,0.952604,0.846497,0.397153,0.828775,0.851132,0.138956,0.463594,,,,,,,,,,,,,,,,,,,,,,,,,,,,,,,,,,,,,,,,,,
20261010T054625Z,stage5_3d,event,2026-10-10T06:48:37+00:00,3732.4,24,1863,,,38,,OOM #38,,,,,,,,,,,,,,,,,,,,,,,,,,,,,,,,,,,,,,,,,,,,,,,,,,,,,,,,,,,,,,,,,,,,,,,,,,,,,,,,,,,,,,,,,,,,,,,,,,,,,
20261010T054625Z,stage5_3d,step,2026-10-10T06:49:43+00:00,3798.1,24,1900,6.928129313397052e-05,2.513692,38,77.23,,0.413554,3.077762,0.155389,0.114037,0.041352,0.063137,0.38614,35.152546,0.241139,0.258318,0.090592,2e-06,0.353834,0.722553,0.320729,0.026668,1.623933,0.102051,14.05737,0.131177,4050.0,40.0,122918.0,0.407111,27.769627,27.863367,0.09374,33.150307,33.79916,0.648853,19.455177,20.914568,1.459391,12012.0,12073.0,12073.0,0.884938,0.819012,0.065926,0.388958,13.0,0.703529,0.638844,0.064685,0.458525,3.0,1.0,1.0,0.0,1.0,1.0,0.00894,0.990011,0.616004,0.38634,0.54959,0.768944,0.166497,0.333062,,,,,,,,,,,,,,,,,,,,,,,,,,,,,,,,,,,,,,,,,,
20261010T054625Z,stage5_3d,event,2026-10-10T06:50:04+00:00,3819.6,24,1911,,,39,,OOM #39,,,,,,,,,,,,,,,,,,,,,,,,,,,,,,,,,,,,,,,,,,,,,,,,,,,,,,,,,,,,,,,,,,,,,,,,,,,,,,,,,,,,,,,,,,,,,,,,,,,,,
20261010T054625Z,stage5_3d,epoch,2026-10-10T06:50:24+00:00,3839.8,24,1919,6.733956015915803e-05,2.477933,39,,,,,,,,,,,,,,,,,,,,,,,,,,,,,,,,,,,,,,,,,,,,,,,,,,,,,,,,,,,,,,0.8845,1.95,0.4541,609191,0.0254,11.8071,0.8903,0.8538,0.0365,0.4054,11.2,0.3152,25.7165,0.6429,0.4,0.2429,3.38,6.01,0.0254,0.3845,15.15,0.6449,0.2047,0.1727,17704,0.7376,0.6925,0.0451,0.5244,3.0,23.502,24.589,1.087,82863,27.134,29.048,1.914,83571,16.33,17.737,1.407,83571
20261010T054625Z,stage5_3d,event,2026-10-10T06:51:02+00:00,3877.7,25,1939,,,40,,OOM #40,,,,,,,,,,,,,,,,,,,,,,,,,,,,,,,,,,,,,,,,,,,,,,,,,,,,,,,,,,,,,,,,,,,,,,,,,,,,,,,,,,,,,,,,,,,,,,,,,,,,,
20261010T054625Z,stage5_3d,step,2026-10-10T06:51:22+00:00,3897.8,25,1950,6.420122317340004e-05,2.421334,40,77.23,,0.353482,2.941974,0.150773,0.059798,0.090975,0.089252,0.376832,42.578217,0.426909,0.095404,0.038507,,0.257413,0.472623,0.233685,0.011216,1.634584,0.091797,11.024647,0.206197,4947.0,40.0,110288.0,0.274616,21.180683,23.430954,2.250271,24.437105,29.472731,5.035625,15.395814,17.598116,2.202302,12979.0,13016.0,13016.0,0.925409,0.81039,0.115019,0.554284,12.0,0.825535,0.68555,0.139985,0.668752,3.0,,,,,,0.032263,0.968688,0.894284,0.403174,0.859234,0.894684,0.168977,0.600066,,,,,,,,,,,,,,,,,,,,,,,,,,,,,,,,,,,,,,,,,,
20261010T054625Z,stage5_3d,event,2026-10-10T06:51:46+00:00,3921.5,25,1964,,,41,,OOM #41,,,,,,,,,,,,,,,,,,,,,,,,,,,,,,,,,,,,,,,,,,,,,,,,,,,,,,,,,,,,,,,,,,,,,,,,,,,,,,,,,,,,,,,,,,,,,,,,,,,,,
20261010T054625Z,stage5_3d,event,2026-10-10T06:51:52+00:00,3927.0,25,1967,,,42,,OOM #42,,,,,,,,,,,,,,,,,,,,,,,,,,,,,,,,,,,,,,,,,,,,,,,,,,,,,,,,,,,,,,,,,,,,,,,,,,,,,,,,,,,,,,,,,,,,,,,,,,,,,
20261010T054625Z,stage5_3d,event,2026-10-10T06:52:14+00:00,3949.1,25,1981,,,43,,OOM #43,,,,,,,,,,,,,,,,,,,,,,,,,,,,,,,,,,,,,,,,,,,,,,,,,,,,,,,,,,,,,,,,,,,,,,,,,,,,,,,,,,,,,,,,,,,,,,,,,,,,,
20261010T054625Z,stage5_3d,event,2026-10-10T06:52:24+00:00,3959.7,25,1989,,,44,,OOM #44,,,,,,,,,,,,,,,,,,,,,,,,,,,,,,,,,,,,,,,,,,,,,,,,,,,,,,,,,,,,,,,,,,,,,,,,,,,,,,,,,,,,,,,,,,,,,,,,,,,,,
20261010T054625Z,stage5_3d,event,2026-10-10T06:52:32+00:00,3967.7,25,1994,,,45,,OOM #45,,,,,,,,,,,,,,,,,,,,,,,,,,,,,,,,,,,,,,,,,,,,,,,,,,,,,,,,,,,,,,,,,,,,,,,,,,,,,,,,,,,,,,,,,,,,,,,,,,,,,
20261010T054625Z,stage5_3d,event,2026-10-10T06:52:33+00:00,3968.3,25,1995,,,46,,OOM #46,,,,,,,,,,,,,,,,,,,,,,,,,,,,,,,,,,,,,,,,,,,,,,,,,,,,,,,,,,,,,,,,,,,,,,,,,,,,,,,,,,,,,,,,,,,,,,,,,,,,,
