run_id,stage,kind,timestamp,elapsed_s,epoch,step,lr,loss,n_oom,peak_gib,note,part_contact,part_distance,part_dist_acc,part_dist_major,part_dist_lift,part_dist_macro,part_structure,part_structure_mse,part_mg,part_rigidity,part_fluctuation,part_base,part_lw,part_motif,part_balance,part_coev_frac,part_coev_norm,part_motif_gate,part_motif_eff,part_motif_top_share,part_n_lw,part_dist_n_class,part_n_pairs,part_dec_contact,part_dec_contact_pos_rate,part_dec_contact_auroc,part_torsion,part_tors_eta_mae,part_tors_eta_base,part_tors_eta_lift,part_tors_theta_mae,part_tors_theta_base,part_tors_theta_lift,part_tors_chi_tilde_mae,part_tors_chi_tilde_base,part_tors_chi_tilde_lift,part_n_eta,part_n_theta,part_n_chi_tilde,part_lw_acc,part_lw_major,part_lw_lift,part_lw_macro,part_lw_n_class,part_motif_acc,part_motif_major,part_motif_lift,part_motif_macro,part_motif_n_class,part_base_acc,part_base_major,part_base_lift,part_base_macro,part_base_n_class,part_mg_pos_rate,part_mg_auroc,part_rigidity_r,part_rigidity_base,part_rigidity_pred_sd,part_fluct_r,part_fluct_base,part_fluct_pred_sd,val_contact_ap,val_contact_ap_lift,val_contact_base_rate,val_contact_n,val_coev_frac,val_motif_eff,val_lw_acc,val_lw_major,val_lw_lift,val_lw_macro,val_lw_n_class,val_structure_loss,val_structure_mse,val_structure_violation,val_structure_bond_cn,val_structure_bond_pp,val_bond_cn_target_a,val_bond_pp_target_a,val_mg_base_rate,val_mg_average_precision,val_mg_ap_lift,val_mg_precision_at_calibrated_thr,val_mg_recall_at_calibrated_thr,val_rigidity_r_pooled,val_rigidity_n,val_motif_acc,val_motif_major,val_motif_lift,val_motif_macro,val_motif_n_class,val_tors_eta_mae_pooled,val_tors_eta_base_pooled,val_tors_eta_lift_pooled,val_tors_eta_n,val_tors_theta_mae_pooled,val_tors_theta_base_pooled,val_tors_theta_lift_pooled,val_tors_theta_n,val_tors_chi_tilde_mae_pooled,val_tors_chi_tilde_base_pooled,val_tors_chi_tilde_lift_pooled,val_tors_chi_tilde_n
20261007T043827Z,stage5_3d,step,2026-10-07T04:40:01+00:00,93.7,0,50,5.460769766948092e-05,7.949108,0,67.13,,0.51255,3.683696,0.028839,0.039634,-0.010796,0.02577,1.83785,126.011269,1.270731,0.394299,0.161838,,1.651184,0.799517,0.291626,0.095169,0.008562,0.047607,7.985904,0.289215,3706.0,40.0,247529.0,,,,0.345102,25.007046,22.134789,-2.872257,29.062794,27.177933,-1.884861,19.271883,15.974483,-3.2974,12809.0,12914.0,12914.0,0.787102,0.788991,-0.001889,0.083134,12.0,0.668546,0.666734,0.001812,0.335758,3.0,,,,,,0.029776,0.699934,0.216133,0.409772,0.129512,0.059963,0.141022,0.154279,,,,,,,,,,,,,,,,,,,,,,,,,,,,,,,,,,,,,,,,,,
20261007T043827Z,stage5_3d,epoch,2026-10-07T04:41:01+00:00,153.8,0,76,0.00010355488253083298,7.216101,0,,,,,,,,,,,,,,,,,,,,,,,,,,,,,,,,,,,,,,,,,,,,,,,,,,,,,,,,,,,,,,,,,0.7044,1.55,0.4541,609191,0.0301,2.4255,0.8527,0.8527,0.0,0.0905,11.2,1.5905,133.0676,5.5119,2.9604,2.5515,3.38,6.01,0.0254,0.0357,1.41,0.0,0.0,0.0501,17704,0.6821,0.6925,-0.0104,0.3794,3.0,25.172,24.589,-0.583,82863,29.567,29.048,-0.519,83571,17.617,17.737,0.12,83571
20261007T043827Z,stage5_3d,step,2026-10-07T04:41:52+00:00,205.5,1,100,0.00014917500980188753,5.725634,0,67.13,,0.360008,3.571622,0.037811,0.043251,-0.005441,0.02758,1.533944,87.888397,1.20605,0.41191,0.159333,0.092733,0.748274,0.756399,0.242958,0.04033,0.053143,0.098633,2.085463,0.620011,4862.0,40.0,286861.0,,,,0.35709,26.00382,24.713144,-1.290676,28.932493,28.312208,-0.620285,18.306469,17.606977,-0.699492,12817.0,12981.0,12981.0,0.836487,0.836487,0.0,0.083333,12.0,0.703152,0.71599,-0.012838,0.386133,3.0,1.0,1.0,-0.0,1.0,1.0,0.017783,0.733055,0.076722,0.408338,0.252146,0.108478,0.160146,0.110536,,,,,,,,,,,,,,,,,,,,,,,,,,,,,,,,,,,,,,,,,,
20261007T043827Z,stage5_3d,step,2026-10-07T04:43:29+00:00,302.0,1,150,0.00019987767195383136,4.940855,0,67.13,,0.342178,3.386675,0.092712,0.039965,0.052747,0.070343,1.03301,83.79985,1.008862,0.21064,0.077693,,0.492128,0.460547,0.250036,0.10242,0.142242,0.175781,3.352454,0.492504,3290.0,40.0,251415.0,,,,0.248542,20.858913,22.276245,1.417332,23.619429,27.4536,3.834171,15.459663,15.872476,0.412812,13094.0,13199.0,13199.0,0.875684,0.792401,0.083283,0.341388,12.0,0.853021,0.661009,0.192012,0.724466,3.0,,,,,,0.026087,0.821886,0.714095,0.407884,0.624068,0.706231,0.143415,0.394822,,,,,,,,,,,,,,,,,,,,,,,,,,,,,,,,,,,,,,,,,,
20261007T043827Z,stage5_3d,epoch,2026-10-07T04:43:40+00:00,313.2,1,153,0.00019999998243887268,5.171445,0,,,,,,,,,,,,,,,,,,,,,,,,,,,,,,,,,,,,,,,,,,,,,,,,,,,,,,,,,,,,,,,,,0.8059,1.77,0.4541,609191,0.03,3.3451,0.8604,0.8525,0.0079,0.1351,11.2,1.1051,99.7758,2.9656,1.6028,1.3628,3.38,6.01,0.0254,0.066,2.6,0.0,0.0,0.0955,17704,0.6906,0.6925,-0.0019,0.3956,3.0,26.479,24.589,-1.889,82863,30.569,29.048,-1.521,83571,17.119,17.737,0.618,83571
20261007T043827Z,stage5_3d,step,2026-10-07T04:45:14+00:00,407.5,2,200,0.00019986877002170993,4.196997,0,67.13,,0.557017,3.293715,0.110477,0.087427,0.02305,0.043877,0.894659,74.216911,1.245415,0.322153,0.14291,,0.637612,0.822641,0.235959,0.031257,0.244845,0.141602,5.19869,0.307209,5075.0,40.0,110918.0,,,,0.362704,25.01993,23.70673,-1.3132,30.56205,29.478529,-1.083521,17.815302,18.22352,0.408218,13335.0,13368.0,13368.0,0.830936,0.813202,0.017734,0.129786,13.0,0.672109,0.672855,-0.000746,0.375339,3.0,,,,,,0.028182,0.708766,0.492953,0.383833,0.355041,0.54025,0.171374,0.145328,,,,,,,,,,,,,,,,,,,,,,,,,,,,,,,,,,,,,,,,,,
20261007T043827Z,stage5_3d,epoch,2026-10-07T04:46:18+00:00,471.3,2,230,0.00019965107032740041,4.149152,0,,,,,,,,,,,,,,,,,,,,,,,,,,,,,,,,,,,,,,,,,,,,,,,,,,,,,,,,,,,,,,,,,0.8215,1.81,0.4541,609191,0.0301,9.4515,0.8686,0.8525,0.0162,0.2113,11.2,0.754,58.1613,2.139,1.2647,0.8743,3.38,6.01,0.0254,0.1012,3.99,0.4286,0.0028,0.1298,17704,0.6943,0.6925,0.0018,0.4156,3.0,25.496,24.589,-0.906,82863,30.076,29.048,-1.028,83571,17.39,17.737,0.347,83571
20261007T043827Z,stage5_3d,step,2026-10-07T04:46:57+00:00,510.4,3,250,0.00019944807296449558,3.860647,0,67.13,,0.288305,3.030883,0.16476,0.039664,0.125097,0.123712,0.636326,55.055447,0.716734,0.175873,0.0725,,0.302916,0.30264,0.44933,0.102957,0.331012,0.219727,3.597364,0.513896,3444.0,40.0,245511.0,,,,0.15265,14.755897,22.501696,7.745799,16.931168,27.370556,10.439388,11.853807,16.186308,4.3325,12859.0,12961.0,12961.0,0.915505,0.774681,0.140825,0.575786,12.0,0.907529,0.653754,0.253775,0.824616,3.0,,,,,,0.027002,0.921704,0.775443,0.398435,0.667218,0.724538,0.144303,0.345951,,,,,,,,,,,,,,,,,,,,,,,,,,,,,,,,,,,,,,,,,,
20261007T043827Z,stage5_3d,step,2026-10-07T04:48:31+00:00,603.9,3,300,0.00019873878121600698,3.705278,0,67.13,,0.278329,2.907801,0.17945,0.039609,0.139841,0.138482,0.593021,33.780567,0.773495,0.199686,0.076728,,0.285367,0.326611,0.241764,0.102859,0.415571,0.220703,3.037208,0.561101,3550.0,40.0,247941.0,,,,0.186017,16.549692,22.341452,5.791759,19.972357,27.518559,7.546202,12.134918,16.017456,3.882538,12746.0,12856.0,12856.0,0.920845,0.799437,0.121408,0.557886,12.0,0.892798,0.673045,0.219753,0.7867,3.0,,,,,,0.023152,0.924944,0.74241,0.406706,0.638836,0.729796,0.14512,0.389768,,,,,,,,,,,,,,,,,,,,,,,,,,,,,,,,,,,,,,,,,,
20261007T043827Z,stage5_3d,epoch,2026-10-07T04:48:51+00:00,623.9,3,307,0.00019861655747453505,3.750085,0,,,,,,,,,,,,,,,,,,,,,,,,,,,,,,,,,,,,,,,,,,,,,,,,,,,,,,,,,,,,,,,,,0.8331,1.83,0.4541,609191,0.0305,7.5164,0.871,0.8517,0.0193,0.2402,11.2,0.6098,44.6865,1.9498,1.2449,0.705,3.38,6.01,0.0254,0.1123,4.43,0.6111,0.0051,0.124,17704,0.6878,0.6925,-0.0047,0.4288,3.0,25.264,24.589,-0.674,82863,29.647,29.048,-0.599,83571,17.481,17.737,0.256,83571
20261007T043827Z,stage5_3d,step,2026-10-07T04:50:10+00:00,703.2,4,350,0.00019774295312338373,3.525487,0,67.14,,0.273485,2.803715,0.201833,0.040012,0.161821,0.158024,0.483941,36.660225,0.717112,0.185786,0.064948,,0.313588,0.359103,0.227889,0.092006,0.500709,0.182617,4.574131,0.370924,3352.0,40.0,244724.0,,,,0.179846,16.105999,22.296133,6.190134,18.43576,27.331751,8.89599,12.739201,16.099276,3.360075,12883.0,12987.0,12987.0,0.908115,0.788783,0.119332,0.585125,11.0,0.878493,0.679476,0.199018,0.755521,3.0,,,,,,0.033519,0.917393,0.760276,0.408766,0.726456,0.737601,0.132018,0.367608,,,,,,,,,,,,,,,,,,,,,,,,,,,,,,,,,,,,,,,,,,
20261007T043827Z,stage5_3d,epoch,2026-10-07T04:51:22+00:00,774.7,4,384,0.00019690356137157461,3.530269,0,,,,,,,,,,,,,,,,,,,,,,,,,,,,,,,,,,,,,,,,,,,,,,,,,,,,,,,,,,,,,,,,,0.8449,1.86,0.4541,609191,0.0303,8.3221,0.874,0.8543,0.0196,0.2419,11.2,0.5238,39.1934,1.5387,0.9442,0.5945,3.38,6.01,0.0254,0.1148,4.52,0.6667,0.0055,0.1335,17704,0.7041,0.6925,0.0116,0.4227,3.0,24.69,24.589,-0.1,82863,28.817,29.048,0.231,83571,17.701,17.737,0.036,83571
20261007T043827Z,stage5_3d,step,2026-10-07T04:51:55+00:00,808.6,5,400,0.00019646347855516053,3.415488,0,67.16,,0.485897,3.185043,0.142095,0.101729,0.040366,0.052499,0.579356,40.196602,1.107299,0.313183,0.09914,,0.555151,0.760908,0.232358,0.033472,0.581583,0.10498,8.658083,0.201683,4858.0,40.0,108269.0,,,,0.347798,23.813725,23.329439,-0.484285,29.557459,28.813877,-0.743582,17.537951,16.896561,-0.64139,12838.0,12893.0,12893.0,0.840058,0.806505,0.033553,0.233411,12.0,0.690629,0.677002,0.013627,0.40387,3.0,,,,,,0.021972,0.81803,0.666014,0.387968,0.395356,0.735124,0.171646,0.424982,,,,,,,,,,,,,,,,,,,,,,,,,,,,,,,,,,,,,,,,,,
20261007T043827Z,stage5_3d,step,2026-10-07T04:53:28+00:00,901.4,5,450,0.00019490407051494014,3.342158,0,67.16,,0.473506,3.257166,0.105554,0.060068,0.045487,0.05198,0.496997,41.736519,0.966043,0.244628,0.092573,,0.503737,0.762608,0.215823,0.032233,0.658767,0.082031,8.380239,0.195211,5099.0,40.0,112929.0,,,,0.360166,24.569504,24.280457,-0.289047,30.012644,29.888693,-0.123951,18.252151,18.295662,0.04351,13315.0,13348.0,13348.0,0.858011,0.815454,0.042557,0.270043,11.0,0.680125,0.667065,0.013061,0.38377,3.0,,,,,,0.026495,0.83971,0.707985,0.400528,0.459429,0.726041,0.167775,0.332343,,,,,,,,,,,,,,,,,,,,,,,,,,,,,,,,,,,,,,,,,,
20261007T043827Z,stage5_3d,epoch,2026-10-07T04:53:52+00:00,925.2,5,460,0.00019455898096474967,3.35435,0,,,,,,,,,,,,,,,,,,,,,,,,,,,,,,,,,,,,,,,,,,,,,,,,,,,,,,,,,,,,,,,,,0.8464,1.86,0.4541,609191,0.0301,8.4327,0.8719,0.8529,0.019,0.261,11.2,0.5066,34.9359,1.5704,0.9962,0.5742,3.38,6.01,0.0254,0.1539,6.06,0.2593,0.0032,0.1425,17704,0.7013,0.6925,0.0087,0.4379,3.0,24.682,24.589,-0.093,82863,28.721,29.048,0.327,83571,16.858,17.737,0.879,83571
20261007T043827Z,stage5_3d,step,2026-10-07T04:55:13+00:00,1006.1,6,500,0.0001930692543663488,3.236384,0,67.16,,0.320923,3.141018,0.085856,0.07755,0.008305,0.047562,0.444359,28.364275,0.951651,0.409807,0.159555,0.00015,0.444664,0.750946,0.274558,0.046566,0.72983,0.094727,9.805653,0.160884,6067.0,40.0,255681.0,,,,0.384576,26.484049,25.699749,-0.7843,30.797716,30.27651,-0.521206,18.822466,18.744148,-0.078318,12341.0,12709.0,12709.0,0.865832,0.845723,0.020109,0.192832,12.0,0.702322,0.693119,0.009202,0.411175,3.0,1.0,1.0,0.0,1.0,1.0,0.007892,0.812756,0.126688,0.404332,0.315867,0.154627,0.158077,0.148759,,,,,,,,,,,,,,,,,,,,,,,,,,,,,,,,,,,,,,,,,,
20261007T043827Z,stage5_3d,epoch,2026-10-07T04:56:29+00:00,1082.0,6,537,0.00019153728343843484,3.305294,0,,,,,,,,,,,,,,,,,,,,,,,,,,,,,,,,,,,,,,,,,,,,,,,,,,,,,,,,,,,,,,,,,0.8545,1.88,0.4541,609191,0.0301,7.9831,0.8772,0.8527,0.0245,0.2734,11.2,0.4789,36.1015,1.415,0.879,0.536,3.38,6.01,0.0254,0.1341,5.28,0.6842,0.012,0.1431,17704,0.713,0.6925,0.0205,0.4215,3.0,24.747,24.589,-0.158,82863,29.2,29.048,-0.152,83571,18.066,17.737,-0.329,83571
20261007T043827Z,stage5_3d,step,2026-10-07T04:56:57+00:00,1109.8,7,550,0.00019096435470054239,3.247456,0,67.16,,0.224825,2.462686,0.244155,0.040033,0.204122,0.190179,0.43766,23.591927,0.919122,0.161853,0.054368,,0.236068,0.24682,0.249866,0.102825,0.798531,0.164062,3.977661,0.462217,3495.0,40.0,243336.0,,,,0.154359,14.759257,22.431351,7.672093,16.638901,27.736462,11.097561,11.227126,16.195982,4.968856,12915.0,13018.0,13018.0,0.929614,0.782547,0.147067,0.631084,11.0,0.915006,0.668292,0.246715,0.839191,3.0,,,,,,0.022722,0.901207,0.79742,0.404891,0.768498,0.798491,0.135949,0.43722,,,,,,,,,,,,,,,,,,,,,,,,,,,,,,,,,,,,,,,,,,
20261007T043827Z,stage5_3d,step,2026-10-07T04:58:24+00:00,1197.1,7,600,0.0001885954798843747,3.171747,0,67.16,,0.46138,3.146678,0.130319,0.075461,0.054858,0.057178,0.475666,40.246105,0.878766,0.194757,0.095351,0.000106,0.495515,0.734016,0.222616,0.03105,0.875131,0.100098,7.823502,0.196992,4963.0,40.0,111177.0,,,,0.342236,23.931221,23.578775,-0.352446,29.048357,29.032396,-0.015961,16.352154,16.661245,0.309092,12985.0,13024.0,13024.0,0.852509,0.796293,0.056216,0.289359,12.0,0.693394,0.670027,0.023368,0.408852,3.0,1.0,1.0,0.0,1.0,1.0,0.02985,0.871507,0.757366,0.380884,0.619213,0.689506,0.171882,0.471785,,,,,,,,,,,,,,,,,,,,,,,,,,,,,,,,,,,,,,,,,,
20261007T043827Z,stage5_3d,epoch,2026-10-07T04:59:01+00:00,1234.6,7,614,0.00018788580836075964,3.215133,0,,,,,,,,,,,,,,,,,,,,,,,,,,,,,,,,,,,,,,,,,,,,,,,,,,,,,,,,,,,,,,,,,0.8594,1.89,0.4541,609191,0.0301,7.5021,0.8789,0.8535,0.0254,0.2967,11.2,0.4866,38.5106,1.358,0.8399,0.5181,3.38,6.01,0.0254,0.1984,7.82,0.4885,0.0294,0.1457,17704,0.7149,0.6925,0.0224,0.4446,3.0,24.28,24.589,0.309,82863,28.516,29.048,0.531,83571,16.35,17.737,1.387,83571
20261007T043827Z,stage5_3d,step,2026-10-07T05:00:11+00:00,1304.3,8,650,0.00018596950433406742,3.285051,0,67.16,,0.203027,2.274444,0.282701,0.039246,0.243455,0.22217,0.403885,32.782795,0.7616,0.171891,0.056275,,0.210519,0.202671,0.278334,0.10009,0.939899,0.15332,3.870717,0.452505,3460.0,40.0,251394.0,,,,0.108213,11.78379,21.758713,9.974923,13.591436,27.143492,13.552055,10.288524,15.669431,5.380907,12972.0,13075.0,13075.0,0.935549,0.778324,0.157225,0.685559,12.0,0.933978,0.654839,0.27914,0.881007,3.0,,,,,,0.03199,0.906931,0.784213,0.408831,0.823452,0.793853,0.133951,0.449699,,,,,,,,,,,,,,,,,,,,,,,,,,,,,,,,,,,,,,,,,,
20261007T043827Z,stage5_3d,epoch,2026-10-07T05:01:29+00:00,1382.0,8,691,0.0001836296780315763,3.148702,0,,,,,,,,,,,,,,,,,,,,,,,,,,,,,,,,,,,,,,,,,,,,,,,,,,,,,,,,,,,,,,,,,0.8596,1.89,0.4541,609191,0.0303,7.7833,0.8819,0.8525,0.0294,0.3048,11.2,0.4892,33.8969,1.6763,1.1503,0.526,3.38,6.01,0.0254,0.189,7.45,0.4909,0.0373,0.1506,17704,0.7219,0.6925,0.0294,0.4502,3.0,24.39,24.589,0.2,82863,28.316,29.048,0.732,83571,16.757,17.737,0.98,83571
20261007T043827Z,stage5_3d,step,2026-10-07T05:01:52+00:00,1404.8,9,700,0.00018309404856582415,3.318129,0,67.16,,0.278238,3.056981,0.098278,0.04648,0.051798,0.083525,0.435199,33.605278,0.471704,0.325553,0.115769,4e-05,0.334336,0.564198,0.247352,0.039572,1.019165,0.118164,7.178461,0.266913,1314.0,40.0,78415.0,,,,0.315766,23.462709,24.32156,0.85885,26.792496,28.387753,1.595257,16.390806,17.707266,1.31646,3444.0,3501.0,3501.0,0.910959,0.821157,0.089802,0.511812,10.0,0.783354,0.700734,0.082619,0.557135,3.0,1.0,1.0,0.0,1.0,1.0,0.024829,0.972318,0.479027,0.419898,0.392954,0.554785,0.163248,0.316032,,,,,,,,,,,,,,,,,,,,,,,,,,,,,,,,,,,,,,,,,,
20261007T043827Z,stage5_3d,step,2026-10-07T05:03:23+00:00,1496.0,9,750,0.00017997745708128046,2.976418,0,67.16,,0.429542,3.122989,0.128008,0.070033,0.057974,0.06715,0.417358,34.674332,0.712997,0.2128,0.181111,,0.382936,0.663206,0.252916,0.019361,1.099687,0.086914,7.337204,0.246403,4943.0,40.0,109755.0,,,,0.335754,23.237402,23.24761,0.010208,28.550266,29.205318,0.655052,18.005615,17.513401,-0.492214,12999.0,13043.0,13043.0,0.891159,0.82541,0.06575,0.405109,11.0,0.73962,0.685551,0.054068,0.50458,3.0,,,,,,0.040228,0.914638,0.72405,0.381628,0.752105,0.715528,0.177087,0.92877,,,,,,,,,,,,,,,,,,,,,,,,,,,,,,,,,,,,,,,,,,
20261007T043827Z,stage5_3d,epoch,2026-10-07T05:03:59+00:00,1532.1,9,767,0.00017886447227021072,3.028236,0,,,,,,,,,,,,,,,,,,,,,,,,,,,,,,,,,,,,,,,,,,,,,,,,,,,,,,,,,,,,,,,,,0.8664,1.91,0.4541,609191,0.0301,6.8009,0.8685,0.8526,0.0159,0.3188,11.2,0.44,33.5374,1.2955,0.8248,0.4707,3.38,6.01,0.0254,0.2649,10.44,0.5346,0.1067,0.1673,17704,0.7177,0.6925,0.0252,0.4695,3.0,24.164,24.589,0.426,82863,28.481,29.048,0.567,83571,16.18,17.737,1.557,83571
20261007T043827Z,stage5_3d,step,2026-10-07T05:05:07+00:00,1600.0,10,800,0.0001766287741519663,3.08448,0,67.16,,0.428285,3.030271,0.162329,0.099562,0.062767,0.056567,0.403847,17.354086,0.59831,,,,0.585977,0.839831,0.287786,0.02117,1.170781,0.085938,8.15696,0.202669,4341.0,40.0,94188.0,,,,0.45682,30.799728,30.512505,-0.287224,34.980621,34.55706,-0.423561,21.009813,21.514357,0.504543,13533.0,13556.0,13556.0,0.833218,0.80258,0.030638,0.246641,13.0,0.626491,0.631939,-0.005448,0.403633,3.0,,,,,,0.024591,0.944593,,,,,,,,,,,,,,,,,,,,,,,,,,,,,,,,,,,,,,,,,,,,,,,,
20261007T043827Z,stage5_3d,epoch,2026-10-07T05:06:35+00:00,1688.5,10,844,0.0001734976486180134,2.985256,0,,,,,,,,,,,,,,,,,,,,,,,,,,,,,,,,,,,,,,,,,,,,,,,,,,,,,,,,,,,,,,,,,0.8627,1.9,0.4541,609191,0.0303,7.7407,0.8817,0.8534,0.0284,0.3056,11.2,0.4314,30.7415,1.3018,0.8357,0.4661,3.38,6.01,0.0254,0.2329,9.18,0.5172,0.0552,0.1597,17704,0.7268,0.6925,0.0343,0.4677,3.0,24.125,24.589,0.465,82863,28.111,29.048,0.937,83571,16.727,17.737,1.01,83571
20261007T043827Z,stage5_3d,step,2026-10-07T05:06:49+00:00,1701.8,11,850,0.00017305771757305323,2.948717,0,67.16,,0.190225,2.157959,0.313498,0.039983,0.273516,0.245855,0.372811,19.974907,0.568754,0.152893,0.059064,,0.199627,0.21921,0.28131,0.108011,1.247774,0.174805,5.578556,0.28924,3476.0,40.0,246235.0,,,,0.124159,12.276001,22.916569,10.640568,14.002671,27.790104,13.787433,10.262617,16.348087,6.08547,12894.0,13001.0,13001.0,0.938435,0.780207,0.158228,0.675795,12.0,0.929942,0.653044,0.276897,0.875731,3.0,,,,,,0.024411,0.948104,0.809467,0.390857,0.829125,0.81244,0.147851,0.485646,,,,,,,,,,,,,,,,,,,,,,,,,,,,,,,,,,,,,,,,,,
20261007T043827Z,stage5_3d,step,2026-10-07T05:08:21+00:00,1794.5,11,900,0.00016927465046255293,2.913621,0,67.16,,0.191466,2.140975,0.323162,0.040903,0.282259,0.260007,0.366474,23.397808,0.622987,0.158946,0.060028,,0.180917,0.225586,0.377668,0.1053,1.316808,0.158203,6.046592,0.271222,3743.0,40.0,244169.0,,,,0.111599,10.668271,21.990133,11.321862,13.985881,27.115803,13.129922,9.688074,16.33337,6.645296,12602.0,12703.0,12703.0,0.942827,0.785199,0.157628,0.781732,11.0,0.923275,0.640335,0.282941,0.862535,3.0,,,,,,0.025623,0.942122,0.789332,0.405903,0.809112,0.748756,0.135325,0.431184,,,,,,,,,,,,,,,,,,,,,,,,,,,,,,,,,,,,,,,,,,
20261007T043827Z,stage5_3d,epoch,2026-10-07T05:09:08+00:00,1841.2,11,921,0.00016762516084958573,2.921641,0,,,,,,,,,,,,,,,,,,,,,,,,,,,,,,,,,,,,,,,,,,,,,,,,,,,,,,,,,,,,,,,,,0.871,1.92,0.4541,609191,0.0302,7.3477,0.8812,0.8532,0.028,0.3245,11.2,0.4349,30.1016,1.4208,0.9379,0.483,3.38,6.01,0.0254,0.2436,9.6,0.4673,0.1214,0.1619,17704,0.728,0.6925,0.0355,0.4867,3.0,24.252,24.589,0.337,82863,28.134,29.048,0.914,83571,16.211,17.737,1.526,83571
20261007T043827Z,stage5_3d,step,2026-10-07T05:10:02+00:00,1894.9,12,950,0.00016529055118780448,2.841068,0,67.16,,0.183414,2.09688,0.338215,0.039111,0.299104,0.270578,0.361181,19.196873,0.565867,0.115813,0.046413,,0.192847,0.228167,0.377888,0.094037,1.381958,0.15625,6.040213,0.236067,2946.0,40.0,247201.0,,,,0.098463,10.117835,22.44215,12.324315,11.746734,27.278683,15.531949,8.477749,15.825274,7.347525,12993.0,13097.0,13097.0,0.938561,0.791242,0.147318,0.795758,11.0,0.92467,0.683121,0.241549,0.850372,3.0,,,,,,0.032251,0.951743,0.855017,0.400679,0.853724,0.839434,0.141472,0.45834,,,,,,,,,,,,,,,,,,,,,,,,,,,,,,,,,,,,,,,,,,
20261007T043827Z,stage5_3d,epoch,2026-10-07T05:11:33+00:00,1985.8,12,997,0.00016137252044454205,2.872718,0,,,,,,,,,,,,,,,,,,,,,,,,,,,,,,,,,,,,,,,,,,,,,,,,,,,,,,,,,,,,,,,,,0.8701,1.92,0.4541,609191,0.0303,7.5216,0.8855,0.8524,0.0332,0.3158,11.2,0.3991,29.38,1.1218,0.6886,0.4332,3.38,6.01,0.0254,0.2622,10.33,0.5112,0.1467,0.1701,17704,0.7303,0.6925,0.0378,0.48,3.0,24.215,24.589,0.374,82863,27.889,29.048,1.158,83571,17.06,17.737,0.677,83571
20261007T043827Z,stage5_3d,step,2026-10-07T05:11:42+00:00,1994.6,13,1000,0.00016111698150652357,2.504776,0,67.16,,0.193929,2.196579,0.282299,0.039261,0.243038,0.228974,0.351627,19.117556,0.675371,0.169491,0.057215,,0.262134,0.278081,0.263982,0.106661,1.451079,0.160156,6.402478,0.243847,3592.0,40.0,250842.0,,,,0.129155,13.025379,22.374395,9.349016,14.698246,27.532217,12.833971,10.290403,16.070265,5.779861,12807.0,12910.0,12910.0,0.916481,0.783686,0.132795,0.670271,11.0,0.90749,0.640312,0.267179,0.842765,3.0,,,,,,0.028427,0.9256,0.783789,0.413869,0.757919,0.77599,0.134137,0.40654,,,,,,,,,,,,,,,,,,,,,,,,,,,,,,,,,,,,,,,,,,
20261007T043827Z,stage5_3d,step,2026-10-07T05:13:09+00:00,2082.4,13,1050,0.00015676605301486702,2.844538,0,67.16,,0.285641,3.06525,0.097337,0.063477,0.03386,0.071846,0.416498,29.475315,0.471687,0.344677,0.137385,2e-06,0.293884,0.568301,0.254501,0.044041,1.512495,0.098145,8.652308,0.254458,5190.0,40.0,274175.0,,,,0.389137,27.693691,27.897331,0.20364,30.79258,31.523024,0.730444,17.88006,19.263903,1.383842,12876.0,13120.0,13120.0,0.920231,0.876301,0.043931,0.338514,12.0,0.787449,0.752794,0.034656,0.487269,3.0,1.0,1.0,0.0,1.0,1.0,0.015658,0.967217,0.369582,0.390249,0.346447,0.436845,0.165252,0.312928,,,,,,,,,,,,,,,,,,,,,,,,,,,,,,,,,,,,,,,,,,
20261007T043827Z,stage5_3d,epoch,2026-10-07T05:13:57+00:00,2130.4,13,1074,0.00015461829828835688,2.850201,0,,,,,,,,,,,,,,,,,,,,,,,,,,,,,,,,,,,,,,,,,,,,,,,,,,,,,,,,,,,,,,,,,0.8709,1.92,0.4541,609191,0.0301,7.8044,0.8858,0.8527,0.0331,0.3366,11.2,0.3901,28.88,1.1183,0.7131,0.4052,3.38,6.01,0.0254,0.2939,11.58,0.5846,0.0874,0.1863,17704,0.7356,0.6925,0.0431,0.4747,3.0,23.963,24.589,0.626,82863,27.876,29.048,1.172,83571,16.69,17.737,1.047,83571
20261007T043827Z,stage5_3d,step,2026-10-07T05:14:49+00:00,2182.0,14,1100,0.00015225039199987976,2.898823,0,67.16,,0.400944,3.030978,0.133439,0.06172,0.071719,0.071808,0.377178,32.615349,0.55112,0.160257,0.055405,,0.353945,0.609139,0.213501,0.026781,1.574093,0.102051,9.201354,0.175362,5249.0,40.0,118144.0,,,,0.334297,23.986397,24.132166,0.145769,28.391562,29.894625,1.503063,16.335091,17.756493,1.421402,13851.0,13893.0,13893.0,0.89217,0.813488,0.078682,0.407438,12.0,0.755374,0.676268,0.079106,0.519828,3.0,,,,,,0.019561,0.951984,0.808785,0.398908,0.765674,0.85155,0.165199,0.488745,,,,,,,,,,,,,,,,,,,,,,,,,,,,,,,,,,,,,,,,,,
20261007T043827Z,stage5_3d,step,2026-10-07T05:16:21+00:00,2274.1,14,1150,0.0001475831027983218,2.719237,0,67.16,,0.392284,3.040002,0.138647,0.08049,0.058157,0.058367,0.434657,33.391281,0.93951,,,,0.40848,0.761602,0.454782,0.017441,1.642212,0.095703,9.125984,0.203403,4020.0,40.0,96670.0,,,,0.41591,28.632851,28.576488,-0.056362,32.828312,33.370312,0.542,17.757706,18.52766,0.769955,14692.0,14708.0,14708.0,0.870149,0.823632,0.046517,0.378895,10.0,0.689902,0.636509,0.053393,0.443294,3.0,,,,,,0.04693,0.850079,,,,,,,,,,,,,,,,,,,,,,,,,,,,,,,,,,,,,,,,,,,,,,,,
20261007T043827Z,stage5_3d,epoch,2026-10-07T05:16:29+00:00,2281.8,14,1151,0.00014748830272857288,2.787496,0,,,,,,,,,,,,,,,,,,,,,,,,,,,,,,,,,,,,,,,,,,,,,,,,,,,,,,,,,,,,,,,,,0.87,1.92,0.4541,609191,0.0302,7.6538,0.8824,0.853,0.0294,0.3356,11.2,0.3856,28.4096,1.0853,0.6765,0.4088,3.38,6.01,0.0254,0.2802,11.04,0.5895,0.103,0.1721,17704,0.734,0.6925,0.0415,0.4886,3.0,24.092,24.589,0.497,82863,28.312,29.048,0.736,83571,16.306,17.737,1.431,83571
20261007T043827Z,stage5_3d,step,2026-10-07T05:17:58+00:00,2370.7,15,1200,0.00014277772976820628,2.77196,0,67.16,,0.412589,2.984149,0.165724,0.096756,0.068968,0.057608,0.490116,46.794285,0.646778,,,,0.364913,0.704638,0.411412,0.026558,1.695879,0.068848,8.273306,0.266092,5186.0,40.0,96354.0,,,,0.356548,24.586285,24.223713,-0.362572,29.357212,29.166111,-0.191101,19.457981,18.204166,-1.253815,13881.0,13901.0,13901.0,0.894331,0.81585,0.078481,0.361806,13.0,0.718575,0.67871,0.039865,0.434828,3.0,,,,,,0.026433,0.94138,,,,,,,,,,,,,,,,,,,,,,,,,,,,,,,,,,,,,,,,,,,,,,,,
20261007T043827Z,stage5_3d,epoch,2026-10-07T05:18:56+00:00,2429.5,15,1227,0.00014013030728498587,2.761422,0,,,,,,,,,,,,,,,,,,,,,,,,,,,,,,,,,,,,,,,,,,,,,,,,,,,,,,,,,,,,,,,,,0.8777,1.93,0.4541,609191,0.0304,8.4407,0.888,0.8526,0.0354,0.3418,11.2,0.3822,27.3001,1.0846,0.6673,0.4172,3.38,6.01,0.0254,0.3154,12.43,0.5785,0.1458,0.1793,17704,0.7322,0.6925,0.0397,0.5009,3.0,24.16,24.589,0.429,82863,27.863,29.048,1.185,83571,16.475,17.737,1.262,83571
20261007T043827Z,stage5_3d,step,2026-10-07T05:19:42+00:00,2475.3,16,1250,0.00013784821798340722,2.81791,0,67.16,,0.169091,1.996425,0.345312,0.041861,0.303451,0.27907,0.323548,16.881092,0.585285,0.176184,0.067297,,0.220327,0.238173,0.298188,0.094101,1.752577,0.146484,6.372782,0.241267,3317.0,40.0,243643.0,,,,0.110446,11.369351,22.070475,10.701123,13.382149,27.532518,14.15037,10.12655,16.331728,6.205178,12752.0,12853.0,12853.0,0.934579,0.795297,0.139282,0.751575,11.0,0.923764,0.66169,0.262074,0.859498,3.0,,,,,,0.026856,0.945686,0.763136,0.405451,0.815581,0.711534,0.133286,0.462041,,,,,,,,,,,,,,,,,,,,,,,,,,,,,,,,,,,,,,,,,,
20261007T043827Z,stage5_3d,step,2026-10-07T05:21:08+00:00,2560.7,16,1300,0.00013280887276539933,2.77455,0,67.16,,0.16012,1.936787,0.353,0.040482,0.312518,0.289737,0.313367,23.519882,0.55554,0.143513,0.047981,,0.164383,0.163463,0.274812,0.107077,1.805662,0.166016,6.161594,0.25316,3677.0,40.0,244683.0,,,,0.088935,9.806541,21.979288,12.172747,11.596281,27.419106,15.822824,8.728113,15.57457,6.846457,12736.0,12844.0,12844.0,0.950775,0.782703,0.168072,0.739409,12.0,0.945222,0.656208,0.289014,0.888203,3.0,,,,,,0.024682,0.950215,0.826818,0.398923,0.81528,0.842298,0.139286,0.492756,,,,,,,,,,,,,,,,,,,,,,,,,,,,,,,,,,,,,,,,,,
20261007T043827Z,stage5_3d,epoch,2026-10-07T05:21:25+00:00,2578.1,16,1304,0.00013240141634653912,2.775114,0,,,,,,,,,,,,,,,,,,,,,,,,,,,,,,,,,,,,,,,,,,,,,,,,,,,,,,,,,,,,,,,,,0.8803,1.94,0.4541,609191,0.0303,8.7633,0.8862,0.8532,0.033,0.3716,11.2,0.3717,28.0192,0.9812,0.5875,0.3937,3.38,6.01,0.0254,0.2739,10.79,0.4921,0.086,0.1892,17704,0.7353,0.6925,0.0428,0.4986,3.0,23.876,24.589,0.713,82863,27.501,29.048,1.547,83571,16.561,17.737,1.176,83571
20261007T043827Z,stage5_3d,step,2026-10-07T05:22:51+00:00,2664.1,17,1350,0.00012767431816956823,2.708844,0,67.16,,0.370847,3.017037,0.124795,0.0811,0.043695,0.052863,0.436037,55.694664,0.899491,,,,0.380065,0.738887,0.48151,0.014048,1.859702,0.098145,5.682228,0.360867,4642.0,40.0,100012.0,,,,0.403012,28.553429,28.50452,-0.048908,32.53484,33.479023,0.944183,17.677946,17.916048,0.238102,14883.0,14899.0,14899.0,0.882809,0.803533,0.079276,0.458672,11.0,0.688991,0.615357,0.073634,0.460679,3.0,,,,,,0.047804,0.86477,,,,,,,,,,,,,,,,,,,,,,,,,,,,,,,,,,,,,,,,,,,,,,,,
20261007T043827Z,stage5_3d,epoch,2026-10-07T05:23:49+00:00,2722.3,17,1381,0.00012444960507292463,2.704187,0,,,,,,,,,,,,,,,,,,,,,,,,,,,,,,,,,,,,,,,,,,,,,,,,,,,,,,,,,,,,,,,,,0.8808,1.94,0.4541,609191,0.0304,8.6802,0.8856,0.853,0.0326,0.3846,11.2,0.3643,27.2063,0.9772,0.6042,0.373,3.38,6.01,0.0254,0.3455,13.61,0.6223,0.144,0.1851,17704,0.7343,0.6925,0.0418,0.5041,3.0,23.76,24.589,0.83,82863,27.381,29.048,1.667,83571,16.361,17.737,1.376,83571
20261007T043827Z,stage5_3d,step,2026-10-07T05:24:26+00:00,2758.9,18,1400,0.00012245945454656318,2.517333,0,67.16,,0.152667,1.825529,0.379588,0.041456,0.338132,0.31614,0.269039,12.838509,0.516749,0.133148,0.04657,,0.155671,0.128401,0.290212,0.104749,1.904264,0.158203,6.165474,0.257974,3784.0,40.0,249521.0,,,,0.071569,8.80353,21.770164,12.966635,9.997462,26.679438,16.681975,7.925118,15.495816,7.570698,12828.0,12935.0,12935.0,0.949524,0.785412,0.164112,0.773342,11.0,0.960474,0.65693,0.303544,0.930112,3.0,,,,,,0.025051,0.957634,0.839342,0.416263,0.825395,0.81967,0.133292,0.428651,,,,,,,,,,,,,,,,,,,,,,,,,,,,,,,,,,,,,,,,,,
20261007T043827Z,stage5_3d,step,2026-10-07T05:25:55+00:00,2848.5,18,1450,0.00011717941530184711,2.703887,0,67.16,,0.354743,2.966826,0.140347,0.082514,0.057833,0.054268,0.445547,37.195957,1.016904,,,0.0,0.322553,0.700557,0.439597,0.012043,1.950131,0.106934,10.089826,0.19233,4219.0,40.0,104955.0,,,,0.417443,29.211815,29.488831,0.277016,33.150814,34.223408,1.072594,17.51688,18.44054,0.92366,15655.0,15676.0,15676.0,0.902584,0.818914,0.083669,0.499881,11.0,0.712155,0.63009,0.082065,0.511713,3.0,1.0,1.0,0.0,1.0,1.0,0.059889,0.842035,,,,,,,,,,,,,,,,,,,,,,,,,,,,,,,,,,,,,,,,,,,,,,,,
20261007T043827Z,stage5_3d,epoch,2026-10-07T05:26:19+00:00,2872.5,18,1458,0.00011632958225522917,2.671754,0,,,,,,,,,,,,,,,,,,,,,,,,,,,,,,,,,,,,,,,,,,,,,,,,,,,,,,,,,,,,,,,,,0.8806,1.94,0.4541,609191,0.0302,9.4819,0.8897,0.8533,0.0364,0.3599,11.2,0.369,26.8025,1.0252,0.6461,0.3791,3.38,6.01,0.0254,0.3212,12.66,0.5742,0.1228,0.185,17704,0.7392,0.6925,0.0467,0.494,3.0,23.843,24.589,0.746,82863,27.529,29.048,1.518,83571,16.463,17.737,1.274,83571
20261007T043827Z,stage5_3d,step,2026-10-07T05:27:40+00:00,2952.6,19,1500,0.00011184952297892776,2.663356,0,67.16,,0.168079,1.903942,0.377929,0.038276,0.339653,0.315087,0.269885,15.584473,0.570383,0.130527,0.048972,,0.159415,0.199096,0.365142,0.09839,1.997952,0.162109,6.316445,0.255234,3846.0,40.0,249293.0,,,,0.099917,10.113667,22.020163,11.906495,11.852137,27.163563,15.311426,8.859692,16.237247,7.377556,12591.0,12693.0,12693.0,0.951118,0.790172,0.160946,0.817262,11.0,0.936517,0.649154,0.287363,0.892071,3.0,,,,,,0.02895,0.947867,0.838452,0.399124,0.815898,0.824322,0.137554,0.445739,,,,,,,,,,,,,,,,,,,,,,,,,,,,,,,,,,,,,,,,,,
20261007T043827Z,stage5_3d,epoch,2026-10-07T05:28:49+00:00,3021.6,19,1535,0.00010809721398693369,2.638029,0,,,,,,,,,,,,,,,,,,,,,,,,,,,,,,,,,,,,,,,,,,,,,,,,,,,,,,,,,,,,,,,,,0.8813,1.94,0.4541,609191,0.0302,9.7569,0.8908,0.8537,0.0371,0.363,11.2,0.3838,27.1173,1.1907,0.8211,0.3696,3.38,6.01,0.0254,0.3238,12.76,0.6183,0.1058,0.189,17704,0.741,0.6925,0.0485,0.5002,3.0,23.731,24.589,0.859,82863,27.411,29.048,1.637,83571,16.317,17.737,1.42,83571
20261007T043827Z,stage5_3d,step,2026-10-07T05:29:19+00:00,3052.5,20,1550,0.00010648524479371483,2.444941,0,67.16,,0.159768,1.894242,0.375142,0.042291,0.332851,0.307028,0.262772,16.683058,0.493251,0.113116,0.041488,,0.18266,0.190891,0.266359,0.106245,2.039263,0.15918,7.001458,0.246417,3648.0,40.0,245620.0,,,,0.102353,10.455246,22.483366,12.02812,12.400146,27.756048,15.355903,9.369676,16.294363,6.924687,12801.0,12904.0,12904.0,0.937226,0.796875,0.140351,0.645171,12.0,0.937348,0.662652,0.274696,0.888498,3.0,,,,,,0.027657,0.95975,0.859771,0.403392,0.853121,0.84078,0.133121,0.474958,,,,,,,,,,,,,,,,,,,,,,,,,,,,,,,,,,,,,,,,,,
20261007T043827Z,stage5_3d,step,2026-10-07T05:30:46+00:00,3139.0,20,1600,0.00010110214774904131,2.658749,0,67.16,,0.167703,1.922868,0.359512,0.039247,0.320264,0.302679,0.276754,16.52137,0.558929,0.170883,0.05963,,0.189685,0.207577,0.287027,0.104616,2.080599,0.166016,7.030079,0.240588,3303.0,40.0,246521.0,,,,0.101016,10.699234,21.616562,10.917328,12.735623,27.009277,14.273654,9.406213,15.69476,6.288548,12556.0,12659.0,12659.0,0.945201,0.796246,0.148956,0.734553,12.0,0.92926,0.649001,0.280258,0.875776,3.0,,,,,,0.027418,0.948879,0.77725,0.402622,0.80353,0.780823,0.139397,0.451429,,,,,,,,,,,,,,,,,,,,,,,,,,,,,,,,,,,,,,,,,,
20261007T043827Z,stage5_3d,epoch,2026-10-07T05:31:18+00:00,3170.7,20,1612,9.980913930287478e-05,2.601564,0,,,,,,,,,,,,,,,,,,,,,,,,,,,,,,,,,,,,,,,,,,,,,,,,,,,,,,,,,,,,,,,,,0.8835,1.95,0.4541,609191,0.0303,9.6437,0.8924,0.8537,0.0387,0.368,11.2,0.3632,26.9827,0.9904,0.6348,0.3556,3.38,6.01,0.0254,0.3458,13.63,0.5813,0.2121,0.193,17704,0.7461,0.6925,0.0536,0.5069,3.0,23.588,24.589,1.001,82863,27.222,29.048,1.826,83571,16.237,17.737,1.5,83571
20261007T043827Z,stage5_3d,step,2026-10-07T05:32:29+00:00,3242.2,21,1650,9.57158534596056e-05,2.556977,0,67.16,,0.297575,2.867887,0.150353,0.081963,0.06839,0.061837,0.408787,38.180428,0.6502,,,,0.360744,0.665007,0.310357,0.016959,2.120677,0.09668,7.930249,0.239532,3838.0,40.0,98947.0,,,,0.366839,26.697655,27.691326,0.993671,30.212496,32.284431,2.071936,16.29598,17.298651,1.00267,14937.0,14953.0,14953.0,0.898124,0.819177,0.078947,0.487172,11.0,0.734397,0.644727,0.08967,0.539059,3.0,,,,,,0.050638,0.928768,,,,,,,,,,,,,,,,,,,,,,,,,,,,,,,,,,,,,,,,,,,,,,,,
20261007T043827Z,stage5_3d,epoch,2026-10-07T05:33:39+00:00,3312.3,21,1689,9.152238050033794e-05,2.57433,0,,,,,,,,,,,,,,,,,,,,,,,,,,,,,,,,,,,,,,,,,,,,,,,,,,,,,,,,,,,,,,,,,0.8845,1.95,0.4541,609191,0.0303,10.5272,0.8891,0.8528,0.0363,0.3856,11.2,0.3464,26.5362,0.8462,0.5204,0.3258,3.38,6.01,0.0254,0.3001,11.83,0.5423,0.1504,0.2026,17704,0.7424,0.6925,0.0499,0.5074,3.0,23.696,24.589,0.894,82863,27.422,29.048,1.626,83571,16.446,17.737,1.291,83571
20261007T043827Z,stage5_3d,step,2026-10-07T05:34:09+00:00,3341.8,22,1700,9.034199281843149e-05,2.679712,0,67.16,,0.281887,2.902758,0.133078,0.081131,0.051947,0.061966,0.350754,28.964754,0.900633,,,,0.317614,0.624529,0.313904,0.014705,2.154459,0.114746,9.541081,0.202357,4249.0,40.0,102008.0,,,,0.372472,26.984404,27.571386,0.586983,30.846228,32.478382,1.632154,16.144705,17.309628,1.164923,15019.0,15035.0,15035.0,0.90892,0.817133,0.091786,0.537454,11.0,0.74883,0.6459,0.10293,0.551214,3.0,,,,,,0.071025,0.868737,,,,,,,,,,,,,,,,,,,,,,,,,,,,,,,,,,,,,,,,,,,,,,,,
20261007T043827Z,stage5_3d,step,2026-10-07T05:35:38+00:00,3431.2,22,1750,8.499616063640253e-05,2.499,0,67.16,,0.161263,1.880149,0.384401,0.040782,0.343619,0.325038,0.231071,14.114656,0.488445,0.101292,0.037432,,0.154068,0.170252,0.261148,0.096964,2.189579,0.161133,7.622923,0.243325,3277.0,40.0,244348.0,,,,0.103271,10.347067,22.62672,12.279654,12.045525,27.757494,15.711969,9.030061,16.595993,7.565932,12883.0,12988.0,12988.0,0.95087,0.789136,0.161733,0.823074,11.0,0.945682,0.664305,0.281377,0.916002,3.0,,,,,,0.024517,0.96106,0.873556,0.39582,0.868214,0.883292,0.146323,0.485571,,,,,,,,,,,,,,,,,,,,,,,,,,,,,,,,,,,,,,,,,,
20261007T043827Z,stage5_3d,epoch,2026-10-07T05:36:13+00:00,3465.7,22,1766,8.329395082328936e-05,2.530724,0,,,,,,,,,,,,,,,,,,,,,,,,,,,,,,,,,,,,,,,,,,,,,,,,,,,,,,,,,,,,,,,,,0.885,1.95,0.4541,609191,0.0304,10.1264,0.889,0.8531,0.0359,0.4225,11.2,0.3311,26.0801,0.7066,0.3959,0.3107,3.38,6.01,0.0254,0.3593,14.16,0.6233,0.1895,0.1879,17704,0.744,0.6925,0.0515,0.5102,3.0,23.581,24.589,1.009,82863,27.333,29.048,1.715,83571,16.306,17.737,1.431,83571
20261007T043827Z,stage5_3d,step,2026-10-07T05:37:22+00:00,3534.8,23,1800,7.969387038650594e-05,2.53967,0,67.16,,0.35253,2.944974,0.14288,0.056777,0.086103,0.09178,0.370428,22.739988,0.442441,0.072994,0.027021,,0.251704,0.460271,0.230975,0.016035,2.219378,0.093262,8.843343,0.199114,1742.0,40.0,39726.0,,,,0.266929,20.237665,23.038288,2.800623,24.507097,29.736488,5.229391,16.198013,18.06749,1.869476,4444.0,4456.0,4456.0,0.921929,0.806544,0.115385,0.588282,11.0,0.82898,0.677383,0.151596,0.694165,3.0,,,,,,0.030683,0.969451,0.921273,0.393467,0.88972,0.933017,0.172151,0.625307,,,,,,,,,,,,,,,,,,,,,,,,,,,,,,,,,,,,,,,,,,
20261007T043827Z,stage5_3d,epoch,2026-10-07T05:38:46+00:00,3619.5,23,1842,7.528485745233515e-05,2.501629,0,,,,,,,,,,,,,,,,,,,,,,,,,,,,,,,,,,,,,,,,,,,,,,,,,,,,,,,,,,,,,,,,,0.8835,1.95,0.4541,609191,0.0303,10.0228,0.8882,0.8526,0.0355,0.4084,11.2,0.3342,26.6763,0.7565,0.4543,0.3022,3.38,6.01,0.0254,0.3472,13.68,0.6132,0.1196,0.1847,17704,0.7432,0.6925,0.0507,0.5284,3.0,23.524,24.589,1.065,82863,27.225,29.048,1.823,83571,16.183,17.737,1.554,83571
20261007T043827Z,stage5_3d,step,2026-10-07T05:39:05+00:00,3638.2,24,1850,7.445050918411706e-05,2.551094,0,67.16,,0.151354,1.838594,0.394613,0.038334,0.356278,0.335587,0.251915,17.56905,0.526429,0.122799,0.044432,,0.17115,0.204748,0.347203,0.100241,2.250691,0.158203,7.439482,0.246424,3333.0,40.0,240281.0,,,,0.089427,9.580588,21.535187,11.954598,11.092922,26.836517,15.743595,8.750104,15.852979,7.102875,12597.0,12702.0,12702.0,0.947495,0.79958,0.147915,0.72381,12.0,0.928854,0.658762,0.270092,0.872776,3.0,,,,,,0.027095,0.952005,0.845814,0.397153,0.823167,0.854316,0.138956,0.459688,,,,,,,,,,,,,,,,,,,,,,,,,,,,,,,,,,,,,,,,,,
20261007T043827Z,stage5_3d,step,2026-10-07T05:40:33+00:00,3726.1,24,1900,6.928129313397052e-05,2.536467,0,67.16,,0.413317,3.073592,0.154922,0.113863,0.041059,0.067759,0.39642,34.082779,0.256957,0.262048,0.080681,1e-06,0.366541,0.729874,0.338098,0.040637,2.278686,0.087891,9.244305,0.170976,4050.0,40.0,122918.0,,,,0.411286,27.838882,27.863367,0.024485,33.566517,33.79916,0.232643,19.586571,20.914568,1.327997,12012.0,12073.0,12073.0,0.885679,0.817037,0.068642,0.395552,13.0,0.69856,0.638844,0.059715,0.457239,3.0,1.0,1.0,0.0,1.0,1.0,0.00894,0.988279,0.590562,0.38634,0.514617,0.787148,0.166497,0.382727,,,,,,,,,,,,,,,,,,,,,,,,,,,,,,,,,,,,,,,,,,
20261007T043827Z,stage5_3d,epoch,2026-10-07T05:41:16+00:00,3768.9,24,1919,6.733956015915803e-05,2.503492,0,,,,,,,,,,,,,,,,,,,,,,,,,,,,,,,,,,,,,,,,,,,,,,,,,,,,,,,,,,,,,,,,,0.887,1.95,0.4541,609191,0.0303,10.0527,0.8917,0.853,0.0386,0.4119,11.2,0.3261,25.8259,0.7093,0.4169,0.2924,3.38,6.01,0.0254,0.3733,14.71,0.625,0.2093,0.2003,17704,0.7451,0.6925,0.0526,0.5305,3.0,23.311,24.589,1.279,82863,26.911,29.048,2.137,83571,16.524,17.737,1.213,83571
20261007T043827Z,stage5_3d,step,2026-10-07T05:42:15+00:00,3828.3,25,1950,6.420122317340004e-05,2.457756,0,67.16,,0.345622,2.920228,0.153573,0.060516,0.093058,0.089911,0.280175,14.186963,0.397382,0.090932,0.034495,,0.257344,0.478013,0.230855,0.019503,2.304781,0.097656,9.453092,0.163354,4959.0,40.0,110288.0,,,,0.276266,21.25535,23.430954,2.175604,24.617165,29.472731,4.855566,15.630808,17.598116,1.967308,12979.0,13016.0,13016.0,0.925187,0.808832,0.116354,0.564942,12.0,0.822248,0.68555,0.136697,0.66545,3.0,,,,,,0.032263,0.971544,0.899314,0.403174,0.881932,0.910954,0.168977,0.563547,,,,,,,,,,,,,,,,,,,,,,,,,,,,,,,,,,,,,,,,,,
20261007T043827Z,stage5_3d,epoch,2026-10-07T05:43:40+00:00,3912.7,25,1995,5.971757061219694e-05,2.469597,0,,,,,,,,,,,,,,,,,,,,,,,,,,,,,,,,,,,,,,,,,,,,,,,,,,,,,,,,,,,,,,,,,0.8835,1.95,0.4541,609191,0.0303,10.1155,0.8919,0.8528,0.0391,0.3892,11.2,0.3328,25.945,0.7698,0.4919,0.2779,3.38,6.01,0.0254,0.3887,15.32,0.6513,0.2148,0.1967,17704,0.7482,0.6925,0.0557,0.5263,3.0,23.337,24.589,1.252,82863,27.018,29.048,2.03,83571,16.226,17.737,1.511,83571
20261007T043827Z,stage5_3d,step,2026-10-07T05:43:52+00:00,3924.9,26,2000,5.9225041539988615e-05,2.315062,0,67.16,,0.276064,2.805495,0.134719,0.073762,0.060957,0.083093,0.324413,24.091839,0.148991,0.341562,0.114688,4.9e-05,0.175934,0.496899,0.274719,0.040778,2.327132,0.085938,8.461612,0.258744,2850.0,40.0,120285.0,,,,0.352446,26.19243,25.881783,-0.310648,28.877329,29.720697,0.843369,16.780802,18.181955,1.401154,5868.0,6050.0,6050.0,0.947368,0.850175,0.097193,0.615598,12.0,0.815884,0.705776,0.110108,0.637413,3.0,1.0,1.0,0.0,1.0,1.0,0.007242,0.994319,0.414795,0.402583,0.374447,0.562276,0.158594,0.290793,,,,,,,,,,,,,,,,,,,,,,,,,,,,,,,,,,,,,,,,,,
20261007T043827Z,stage5_3d,step,2026-10-07T05:45:20+00:00,4013.2,26,2050,5.4367188989959204e-05,2.473213,0,67.16,,0.25381,2.806284,0.144075,0.041798,0.102278,0.122574,0.316909,23.524458,0.214239,0.286734,0.088682,0.0,0.196631,0.38991,0.255939,0.035432,2.34835,0.103027,14.469264,0.124294,4603.0,40.0,269306.0,,,,0.268946,21.44582,25.130037,3.684217,23.556736,28.122601,4.565865,15.81875,17.788031,1.96928,12920.0,13091.0,13091.0,0.941994,0.84597,0.096024,0.60759,12.0,0.86582,0.738689,0.127131,0.698339,3.0,1.0,1.0,0.0,1.0,1.0,0.015661,0.991505,0.572698,0.406409,0.495244,0.69041,0.157775,0.378665,,,,,,,,,,,,,,,,,,,,,,,,,,,,,,,,,,,,,,,,,,
20261007T043827Z,stage5_3d,epoch,2026-10-07T05:46:02+00:00,4055.4,26,2071,5.236558070526759e-05,2.464269,0,,,,,,,,,,,,,,,,,,,,,,,,,,,,,,,,,,,,,,,,,,,,,,,,,,,,,,,,,,,,,,,,,0.886,1.95,0.4541,609191,0.0302,9.993,0.8949,0.8536,0.0413,0.3999,11.2,0.3168,25.5491,0.6404,0.3742,0.2662,3.38,6.01,0.0254,0.3818,15.05,0.624,0.2199,0.1933,17704,0.7491,0.6925,0.0566,0.5188,3.0,23.356,24.589,1.233,82863,27.067,29.048,1.981,83571,16.217,17.737,1.52,83571
20261007T043827Z,stage5_3d,step,2026-10-07T05:46:56+00:00,4108.9,27,2100,4.9641762891456667e-05,2.344436,0,67.16,,0.14656,1.791098,0.401449,0.038599,0.36285,0.348738,0.183582,9.115269,0.577501,0.121641,0.03809,,0.148731,0.17274,0.346737,0.097853,2.367515,0.164062,7.543232,0.250119,3675.0,40.0,250673.0,,,,0.077849,8.676402,21.817558,13.141156,10.157641,27.045403,16.887761,8.272003,15.926758,7.654755,12989.0,13092.0,13092.0,0.946122,0.789388,0.156735,0.773604,11.0,0.944019,0.660693,0.283327,0.903368,3.0,,,,,,0.025622,0.945568,0.856687,0.411987,0.835095,0.863157,0.13331,0.498141,,,,,,,,,,,,,,,,,,,,,,,,,,,,,,,,,,,,,,,,,,
20261007T043827Z,stage5_3d,epoch,2026-10-07T05:48:29+00:00,4202.3,27,2148,4.5242673743222276e-05,2.438747,0,,,,,,,,,,,,,,,,,,,,,,,,,,,,,,,,,,,,,,,,,,,,,,,,,,,,,,,,,,,,,,,,,0.888,1.96,0.4541,609191,0.0302,9.7226,0.8912,0.8529,0.0382,0.3965,11.2,0.3018,25.2386,0.5282,0.272,0.2562,3.38,6.01,0.0254,0.3947,15.55,0.6289,0.2525,0.1965,17704,0.7469,0.6925,0.0544,0.5282,3.0,23.35,24.589,1.239,82863,26.969,29.048,2.079,83571,16.274,17.737,1.463,83571
20261007T043827Z,stage5_3d,step,2026-10-07T05:48:38+00:00,4211.5,28,2150,4.506247631433356e-05,2.428994,0,67.16,,0.297329,2.876903,0.15216,0.081322,0.070838,0.066957,0.32986,9.920259,0.777934,,,2.1e-05,0.354278,0.687164,0.279083,0.013987,2.384698,0.113281,6.861272,0.237666,3858.0,40.0,103452.0,,,,0.395832,28.696169,29.574593,0.878424,31.823601,34.002697,2.179096,17.086586,18.543278,1.456692,15629.0,15650.0,15650.0,0.89943,0.820373,0.079057,0.493559,11.0,0.714754,0.623058,0.091695,0.527683,3.0,1.0,1.0,0.0,1.0,1.0,0.051099,0.904568,,,,,,,,,,,,,,,,,,,,,,,,,,,,,,,,,,,,,,,,,,,,,,,,
20261007T043827Z,stage5_3d,step,2026-10-07T05:50:08+00:00,4301.2,28,2200,4.0642618235160055e-05,2.508724,0,67.16,,0.329075,2.780248,0.190795,0.100909,0.089885,0.092263,0.283855,24.222231,0.29637,0.072477,0.02598,,0.237426,0.497556,0.241477,0.035262,2.3992,0.106445,9.232079,0.160791,5013.0,40.0,109919.0,,,,0.28322,21.606171,23.864904,2.258734,24.769651,29.24169,4.472038,15.315709,17.696964,2.381255,13260.0,13306.0,13306.0,0.93457,0.806703,0.127868,0.580774,13.0,0.808137,0.662022,0.146114,0.666993,3.0,,,,,,0.022949,0.984115,0.921316,0.388396,0.920335,0.933154,0.171041,0.589112,,,,,,,,,,,,,,,,,,,,,,,,,,,,,,,,,,,,,,,,,,
20261007T043827Z,stage5_3d,epoch,2026-10-07T05:51:00+00:00,4353.6,28,2225,3.8496502206992984e-05,2.431119,0,,,,,,,,,,,,,,,,,,,,,,,,,,,,,,,,,,,,,,,,,,,,,,,,,,,,,,,,,,,,,,,,,0.8882,1.96,0.4541,609191,0.0301,10.0552,0.8925,0.8527,0.0398,0.396,11.2,0.3036,25.601,0.5281,0.2694,0.2588,3.38,6.01,0.0254,0.3817,15.04,0.6246,0.2433,0.1961,17704,0.7493,0.6925,0.0568,0.5269,3.0,23.34,24.589,1.25,82863,26.957,29.048,2.091,83571,16.288,17.737,1.449,83571
20261007T043827Z,stage5_3d,step,2026-10-07T05:51:54+00:00,4407.3,29,2250,3.639501497294201e-05,2.515247,0,67.16,,0.290306,2.866416,0.1492,0.081032,0.068168,0.067298,0.400521,36.283344,0.666341,,,,0.309415,0.62097,0.291695,0.018122,2.415292,0.116699,7.067167,0.229416,4888.0,40.0,100429.0,,,,0.36539,26.758512,27.779015,1.020502,30.207783,32.601315,2.393532,16.118378,17.617287,1.498909,15139.0,15155.0,15155.0,0.911211,0.817717,0.093494,0.512867,12.0,0.752057,0.643174,0.108884,0.5616,3.0,,,,,,0.061367,0.92326,,,,,,,,,,,,,,,,,,,,,,,,,,,,,,,,,,,,,,,,,,,,,,,,
20261007T043827Z,stage5_3d,step,2026-10-07T05:53:23+00:00,4495.8,29,2300,3.2331992967460005e-05,2.360579,0,67.16,,0.245415,2.764237,0.157936,0.04399,0.113945,0.13143,0.310299,27.752617,0.21955,0.277669,0.082973,0.0,0.237288,0.387598,0.246764,0.039646,2.428566,0.105469,15.660261,0.113433,4647.0,40.0,267717.0,,,,0.285569,22.241531,26.317179,4.075647,24.851492,30.253616,5.402124,15.725517,18.544865,2.819347,12660.0,12823.0,12823.0,0.930923,0.843985,0.086938,0.509296,11.0,0.864429,0.727324,0.137105,0.723624,3.0,1.0,1.0,0.0,1.0,1.0,0.018271,0.990281,0.608971,0.414255,0.530175,0.70613,0.156989,0.376505,,,,,,,,,,,,,,,,,,,,,,,,,,,,,,,,,,,,,,,,,,
20261007T043827Z,stage5_3d,epoch,2026-10-07T05:53:36+00:00,4509.1,29,2302,3.217348003631152e-05,2.406098,0,,,,,,,,,,,,,,,,,,,,,,,,,,,,,,,,,,,,,,,,,,,,,,,,,,,,,,,,,,,,,,,,,0.888,1.96,0.4541,609191,0.0305,9.9604,0.8904,0.8537,0.0368,0.4158,11.2,0.296,25.3476,0.4756,0.2382,0.2374,3.38,6.01,0.0254,0.3753,14.79,0.5985,0.2194,0.2037,17704,0.751,0.6925,0.0585,0.5298,3.0,23.38,24.589,1.209,82863,27.076,29.048,1.972,83571,16.226,17.737,1.511,83571
20261007T043827Z,stage5_3d,step,2026-10-07T05:55:08+00:00,4601.2,30,2350,2.8465343008245436e-05,2.335894,0,67.16,,0.387567,2.965464,0.157561,0.088024,0.069537,0.061927,0.363191,31.694082,0.437547,,,,0.408749,0.72824,0.248255,0.016464,2.439835,0.084961,5.768485,0.334324,3886.0,40.0,90197.0,,,,0.437778,30.416431,30.531635,0.115204,34.173595,34.589691,0.416096,19.098152,20.615383,1.517231,12784.0,12817.0,12817.0,0.881626,0.804684,0.076943,0.378026,13.0,0.683437,0.639264,0.044173,0.499884,3.0,,,,,,0.027971,0.967949,,,,,,,,,,,,,,,,,,,,,,,,,,,,,,,,,,,,,,,,,,,,,,,,
20261007T043827Z,stage5_3d,epoch,2026-10-07T05:56:03+00:00,4655.8,30,2379,2.6317109885739257e-05,2.393872,0,,,,,,,,,,,,,,,,,,,,,,,,,,,,,,,,,,,,,,,,,,,,,,,,,,,,,,,,,,,,,,,,,0.8874,1.95,0.4541,609191,0.0303,10.0408,0.8924,0.8528,0.0396,0.3981,11.2,0.2903,25.304,0.4416,0.2098,0.2318,3.38,6.01,0.0254,0.4229,16.67,0.6819,0.2475,0.2025,17704,0.7489,0.6925,0.0564,0.5312,3.0,23.215,24.589,1.374,82863,26.889,29.048,2.159,83571,16.378,17.737,1.359,83571
20261007T043827Z,stage5_3d,step,2026-10-07T05:56:44+00:00,4697.4,31,2400,2.4806286018000492e-05,2.220807,0,67.16,,0.328564,2.806765,0.183305,0.092364,0.090942,0.091915,0.286327,19.495043,0.258036,0.067598,0.020281,,0.158947,0.461663,0.321612,0.033862,2.450617,0.098633,8.232096,0.227212,5065.0,40.0,110597.0,,,,0.283466,21.756533,23.807501,2.050968,24.676086,29.131584,4.455498,15.640785,17.752203,2.111418,13595.0,13629.0,13629.0,0.951826,0.820138,0.131688,0.657805,12.0,0.836118,0.681835,0.154282,0.693357,3.0,,,,,,0.014688,0.986968,0.927944,0.402937,0.900599,0.945971,0.170484,0.581215,,,,,,,,,,,,,,,,,,,,,,,,,,,,,,,,,,,,,,,,,,
20261007T043827Z,stage5_3d,step,2026-10-07T05:58:24+00:00,4797.6,31,2450,2.1365440489757482e-05,2.394486,0,67.16,,0.324402,2.799958,0.179891,0.07877,0.101121,0.097198,0.226023,12.517776,0.431305,0.149961,0.059318,,0.25274,0.4885,0.238644,0.015137,2.460168,0.109863,8.731957,0.195305,2111.0,40.0,47961.0,,,,0.295416,22.147158,24.4088,2.261642,25.877985,30.790419,4.912434,16.068422,18.245893,2.177471,5683.0,5697.0,5697.0,0.924207,0.82757,0.096637,0.596182,11.0,0.814983,0.684404,0.130579,0.658772,3.0,,,,,,0.043935,0.965051,0.823236,0.421816,0.824812,0.827719,0.161059,0.598294,,,,,,,,,,,,,,,,,,,,,,,,,,,,,,,,,,,,,,,,,,
20261007T043827Z,stage5_3d,epoch,2026-10-07T05:58:41+00:00,4814.5,31,2456,2.096768382460109e-05,2.366011,0,,,,,,,,,,,,,,,,,,,,,,,,,,,,,,,,,,,,,,,,,,,,,,,,,,,,,,,,,,,,,,,,,0.8883,1.96,0.4541,609191,0.0303,9.8352,0.8927,0.8524,0.0403,0.4102,11.2,0.288,25.1562,0.4217,0.1965,0.2252,3.38,6.01,0.0254,0.4015,15.82,0.6409,0.2636,0.1997,17704,0.7517,0.6925,0.0592,0.5315,3.0,23.186,24.589,1.403,82863,26.876,29.048,2.172,83571,16.272,17.737,1.465,83571
20261007T043827Z,stage5_3d,step,2026-10-07T06:00:02+00:00,4895.0,32,2500,1.815279167227432e-05,2.286976,0,67.16,,0.14038,1.716521,0.414906,0.040398,0.374508,0.363253,0.151437,10.209955,0.561282,0.161676,0.05442,,0.13837,0.142869,0.337129,0.119945,2.46714,0.170898,7.290884,0.264458,3622.0,40.0,249223.0,,,,0.072029,8.426281,21.717274,13.290993,9.691251,27.141605,17.450355,7.861058,15.788688,7.92763,12681.0,12785.0,12785.0,0.955273,0.785478,0.169796,0.771088,12.0,0.954997,0.643144,0.311853,0.928725,3.0,,,,,,0.028065,0.94734,0.791619,0.410033,0.821141,0.800247,0.139727,0.459781,,,,,,,,,,,,,,,,,,,,,,,,,,,,,,,,,,,,,,,,,,
20261007T043827Z,stage5_3d,epoch,2026-10-07T06:01:12+00:00,4965.2,32,2533,1.616200612587876e-05,2.36736,0,,,,,,,,,,,,,,,,,,,,,,,,,,,,,,,,,,,,,,,,,,,,,,,,,,,,,,,,,,,,,,,,,0.8877,1.95,0.4541,609191,0.0304,9.9045,0.8915,0.8533,0.0381,0.4107,11.2,0.2926,25.2724,0.4791,0.2526,0.2265,3.38,6.01,0.0254,0.4024,15.86,0.6302,0.2626,0.2022,17704,0.7523,0.6925,0.0598,0.5308,3.0,23.232,24.589,1.358,82863,26.847,29.048,2.201,83571,16.307,17.737,1.43,83571
20261007T043827Z,stage5_3d,step,2026-10-07T06:01:46+00:00,4999.2,33,2550,1.5177662593089161e-05,2.420366,0,67.16,,0.273361,2.76497,0.142036,0.078265,0.063771,0.084461,0.288656,22.377794,0.117318,0.333097,0.103268,8e-06,0.157489,0.483093,0.270695,0.039108,2.473583,0.093262,9.174723,0.223048,6302.0,40.0,256824.0,,,,0.343416,25.366201,25.589891,0.22369,28.298103,29.565868,1.267765,17.248535,18.441185,1.19265,12353.0,12725.0,12725.0,0.955728,0.843224,0.112504,0.603745,13.0,0.820382,0.701778,0.118604,0.65038,3.0,1.0,1.0,0.0,1.0,1.0,0.008624,0.996288,0.433802,0.402739,0.409924,0.612209,0.157609,0.346048,,,,,,,,,,,,,,,,,,,,,,,,,,,,,,,,,,,,,,,,,,
20261007T043827Z,stage5_3d,step,2026-10-07T06:03:24+00:00,5097.1,33,2600,1.244868700332472e-05,2.312087,0,67.16,,0.358503,2.861925,0.179227,0.104821,0.074406,0.068645,0.304989,36.011509,0.286129,0.153362,0.030204,,0.330801,0.71438,0.265234,0.028154,2.479271,0.088867,5.721451,0.309161,4186.0,40.0,91001.0,,,,0.408956,28.623844,28.961416,0.337572,32.498718,33.37365,0.874931,18.592102,20.498596,1.906494,13137.0,13159.0,13159.0,0.904204,0.790731,0.113473,0.481705,13.0,0.688434,0.619719,0.068714,0.504971,3.0,,,,,,0.021085,0.985086,0.8246,0.360755,0.670666,0.933371,0.178187,0.609594,,,,,,,,,,,,,,,,,,,,,,,,,,,,,,,,,,,,,,,,,,
20261007T043827Z,stage5_3d,epoch,2026-10-07T06:03:48+00:00,5120.9,33,2609,1.1984235593803661e-05,2.353939,0,,,,,,,,,,,,,,,,,,,,,,,,,,,,,,,,,,,,,,,,,,,,,,,,,,,,,,,,,,,,,,,,,0.8881,1.96,0.4541,609191,0.0303,10.0151,0.8939,0.8535,0.0405,0.4148,11.2,0.281,25.0511,0.3807,0.1629,0.2179,3.38,6.01,0.0254,0.4144,16.33,0.6464,0.2783,0.2002,17704,0.7513,0.6925,0.0588,0.5321,3.0,23.2,24.589,1.39,82863,26.86,29.048,2.188,83571,16.17,17.737,1.567,83571
20261007T043827Z,stage5_3d,step,2026-10-07T06:05:00+00:00,5193.3,34,2650,9.973784322755706e-06,2.346662,0,67.16,,0.250328,2.797916,0.149217,0.041177,0.108039,0.12546,0.282137,26.64818,0.151827,0.282061,0.081478,0.0,0.167361,0.384688,0.344927,0.041451,2.483964,0.109375,17.352818,0.109565,5117.0,40.0,271766.0,,,,0.266318,20.860563,24.691906,3.831343,23.841324,29.131109,5.289785,15.383331,17.850021,2.46669,13174.0,13350.0,13350.0,0.951534,0.843854,0.10768,0.646022,12.0,0.866132,0.735488,0.130643,0.702969,3.0,1.0,1.0,0.0,1.0,1.0,0.017783,0.994517,0.596091,0.420369,0.536209,0.71437,0.158624,0.411372,,,,,,,,,,,,,,,,,,,,,,,,,,,,,,,,,,,,,,,,,,
20261007T043827Z,stage5_3d,epoch,2026-10-07T06:06:08+00:00,5261.4,34,2685,8.396402091172746e-06,2.348938,0,,,,,,,,,,,,,,,,,,,,,,,,,,,,,,,,,,,,,,,,,,,,,,,,,,,,,,,,,,,,,,,,,0.8892,1.96,0.4541,609191,0.0303,9.7986,0.8924,0.8528,0.0397,0.4173,11.2,0.2784,24.9434,0.3625,0.148,0.2145,3.38,6.01,0.0254,0.4103,16.17,0.6588,0.2682,0.2057,17704,0.7501,0.6925,0.0576,0.5372,3.0,23.159,24.589,1.43,82863,26.855,29.048,2.193,83571,16.265,17.737,1.472,83571
20261007T043827Z,stage5_3d,step,2026-10-07T06:06:40+00:00,5293.3,35,2700,7.760136657848161e-06,2.418585,0,67.16,,0.260661,2.819835,0.142515,0.059672,0.082843,0.102284,0.290176,28.110941,0.171979,0.308853,0.093965,0.0,0.150231,0.389942,0.35381,0.039596,2.487715,0.10498,14.722249,0.128819,4942.0,40.0,260381.0,,,,0.344068,25.874025,28.813833,2.939808,27.856976,32.417324,4.560349,17.224884,20.04595,2.821066,12830.0,13070.0,13070.0,0.952448,0.870093,0.082355,0.646769,10.0,0.866198,0.763117,0.10308,0.682842,3.0,1.0,1.0,0.0,1.0,1.0,0.014205,0.992465,0.47394,0.381738,0.434447,0.678311,0.158097,0.405408,,,,,,,,,,,,,,,,,,,,,,,,,,,,,,,,,,,,,,,,,,
20261007T043827Z,stage5_3d,step,2026-10-07T06:08:10+00:00,5383.1,35,2750,5.814167959463888e-06,2.343675,0,67.16,,0.356801,2.867065,0.178907,0.10473,0.074177,0.072758,0.348228,43.465706,0.202614,,,,0.299513,0.681143,0.254519,0.024997,2.490578,0.094238,5.907365,0.301755,4049.0,40.0,91372.0,,,,0.393761,27.489296,27.66622,0.176924,31.61207,32.534798,0.922728,18.661709,20.300524,1.638815,13258.0,13280.0,13280.0,0.910101,0.794023,0.116078,0.493845,13.0,0.710596,0.634685,0.075911,0.520594,3.0,,,,,,0.015107,0.993719,,,,,,,,,,,,,,,,,,,,,,,,,,,,,,,,,,,,,,,,,,,,,,,,
20261007T043827Z,stage5_3d,epoch,2026-10-07T06:08:39+00:00,5411.9,35,2762,5.387610154722147e-06,2.342976,0,,,,,,,,,,,,,,,,,,,,,,,,,,,,,,,,,,,,,,,,,,,,,,,,,,,,,,,,,,,,,,,,,0.8882,1.96,0.4541,609191,0.0303,9.8354,0.8953,0.8531,0.0422,0.4204,11.2,0.2777,25.0118,0.3546,0.1434,0.2112,3.38,6.01,0.0254,0.415,16.35,0.6553,0.2649,0.2034,17704,0.7506,0.6925,0.0581,0.5378,3.0,23.17,24.589,1.419,82863,26.819,29.048,2.229,83571,16.2,17.737,1.537,83571
20261007T043827Z,stage5_3d,step,2026-10-07T06:09:54+00:00,5486.7,36,2800,4.141525380713651e-06,2.303099,0,67.16,,0.302412,2.897562,0.14159,0.082252,0.059338,0.063375,0.245878,24.335741,0.54129,,,,0.384563,0.683347,0.278535,0.014703,2.492659,0.114746,6.348379,0.25015,4437.0,40.0,98277.0,,,,0.369423,26.944368,28.070919,1.126551,30.58069,32.683365,2.102674,16.379541,17.583447,1.203905,14845.0,14861.0,14861.0,0.888889,0.813838,0.075051,0.475868,11.0,0.720225,0.632829,0.087396,0.528098,3.0,,,,,,0.044226,0.951887,,,,,,,,,,,,,,,,,,,,,,,,,,,,,,,,,,,,,,,,,,,,,,,,
20261007T043827Z,stage5_3d,epoch,2026-10-07T06:11:12+00:00,5565.6,36,2839,3.0297581331770755e-06,2.336864,0,,,,,,,,,,,,,,,,,,,,,,,,,,,,,,,,,,,,,,,,,,,,,,,,,,,,,,,,,,,,,,,,,0.8881,1.96,0.4541,609191,0.0303,9.8655,0.8939,0.8535,0.0404,0.4112,11.2,0.2762,24.8849,0.3455,0.1349,0.2106,3.38,6.01,0.0254,0.4121,16.24,0.6296,0.2838,0.2024,17704,0.7504,0.6925,0.0579,0.5336,3.0,23.213,24.589,1.376,82863,26.867,29.048,2.181,83571,16.165,17.737,1.572,83571
20261007T043827Z,stage5_3d,step,2026-10-07T06:11:38+00:00,5590.9,37,2850,2.7470628890582965e-06,2.300735,0,67.16,,0.149116,1.781476,0.405905,0.039598,0.366307,0.347124,0.15545,11.712507,0.516046,0.139433,0.04575,,0.164883,0.220644,0.256502,0.110269,2.494101,0.169922,8.507274,0.231663,3239.0,40.0,244221.0,,,,0.103471,10.645131,22.508966,11.863835,12.126731,27.245262,15.118531,9.133659,15.948149,6.814489,12758.0,12860.0,12860.0,0.942884,0.791911,0.150973,0.815486,11.0,0.927386,0.66778,0.259606,0.878361,3.0,,,,,,0.028851,0.952963,0.831005,0.412451,0.84981,0.833003,0.135339,0.485642,,,,,,,,,,,,,,,,,,,,,,,,,,,,,,,,,,,,,,,,,,
20261007T043827Z,stage5_3d,step,2026-10-07T06:13:11+00:00,5684.0,37,2900,1.6348271802150377e-06,2.332338,0,67.16,,0.134741,1.689785,0.427318,0.040497,0.386821,0.370634,0.144398,11.461576,0.441188,0.123308,0.043742,,0.138691,0.145881,0.281263,0.100661,2.495026,0.176758,7.944466,0.255299,3466.0,40.0,248348.0,,,,0.076243,8.775505,22.146788,13.371283,10.272948,27.387989,17.115041,8.031346,15.831812,7.800466,12942.0,13045.0,13045.0,0.955857,0.786786,0.169071,0.748268,12.0,0.954125,0.66741,0.286715,0.918692,3.0,,,,,,0.022362,0.968084,0.844335,0.398428,0.851225,0.859779,0.143273,0.501622,,,,,,,,,,,,,,,,,,,,,,,,,,,,,,,,,,,,,,,,,,
20261007T043827Z,stage5_3d,epoch,2026-10-07T06:13:47+00:00,5720.3,37,2916,1.3390681461555124e-06,2.347766,0,,,,,,,,,,,,,,,,,,,,,,,,,,,,,,,,,,,,,,,,,,,,,,,,,,,,,,,,,,,,,,,,,0.8879,1.96,0.4541,609191,0.0302,9.8101,0.8947,0.8531,0.0416,0.4133,11.2,0.2757,24.9173,0.3426,0.1331,0.2095,3.38,6.01,0.0254,0.4059,16.0,0.6426,0.2705,0.2028,17704,0.7505,0.6925,0.058,0.5328,3.0,23.19,24.589,1.399,82863,26.839,29.048,2.209,83571,16.173,17.737,1.564,83571
20261007T043827Z,stage5_3d,step,2026-10-07T06:14:53+00:00,5786.1,38,2950,8.080459347464185e-07,2.408757,0,67.16,,0.285807,2.863336,0.148116,0.081793,0.066323,0.068001,0.274729,30.220598,0.495408,,,,0.326491,0.639552,0.305946,0.013952,2.495558,0.111816,7.014022,0.232585,4203.0,40.0,100131.0,,,,0.349685,25.860153,27.785879,1.925726,29.323935,32.702045,3.378111,15.915767,17.521353,1.605586,14984.0,15000.0,15000.0,0.904592,0.812753,0.091839,0.584396,10.0,0.74494,0.64053,0.10441,0.557665,3.0,,,,,,0.047416,0.959343,,,,,,,,,,,,,,,,,,,,,,,,,,,,,,,,,,,,,,,,,,,,,,,,
20261007T043827Z,stage5_3d,epoch,2026-10-07T06:16:13+00:00,5865.6,38,2993,3.2717221083063085e-07,2.337838,0,,,,,,,,,,,,,,,,,,,,,,,,,,,,,,,,,,,,,,,,,,,,,,,,,,,,,,,,,,,,,,,,,0.8886,1.96,0.4541,609191,0.0301,9.8345,0.8938,0.853,0.0408,0.4154,11.2,0.2754,24.8834,0.3414,0.1325,0.2089,3.38,6.01,0.0254,0.4091,16.12,0.6409,0.2636,0.205,17704,0.7508,0.6925,0.0583,0.5352,3.0,23.2,24.589,1.389,82863,26.832,29.048,2.216,83571,16.182,17.737,1.555,83571
20261007T043827Z,stage5_3d,step,2026-10-07T06:16:33+00:00,5886.5,39,3000,2.691184514110325e-07,2.499429,0,67.16,,0.141418,1.692639,0.429977,0.039526,0.390451,0.371175,0.170964,11.21742,0.49742,0.118955,0.04401,,0.15514,0.186217,0.269871,0.107977,2.495792,0.176758,7.793924,0.248878,4022.0,40.0,249841.0,,,,0.091431,9.683694,21.806696,12.123002,11.283887,27.158684,15.874797,8.643456,16.070606,7.427151,12737.0,12850.0,12850.0,0.953008,0.787668,0.165341,0.835197,11.0,0.940936,0.654651,0.286285,0.881487,3.0,,,,,,0.023742,0.958878,0.852379,0.409046,0.874747,0.835765,0.138576,0.475688,,,,,,,,,,,,,,,,,,,,,,,,,,,,,,,,,,,,,,,,,,
20261007T043827Z,stage5_3d,step,2026-10-07T06:18:03+00:00,5976.5,39,3050,1.960868445771787e-08,2.300239,0,67.16,,0.244599,2.773049,0.149078,0.044764,0.104314,0.131289,0.294611,24.202007,0.237385,0.285912,0.077164,,0.151731,0.362909,0.239023,0.036512,2.495847,0.105469,15.399991,0.128253,1461.0,40.0,82493.0,,,,0.247988,20.223396,24.358709,4.135313,22.130611,26.980783,4.850172,15.159959,17.226208,2.066249,3551.0,3599.0,3599.0,0.95551,0.839836,0.115674,0.712958,11.0,0.874325,0.731021,0.143304,0.744684,3.0,,,,,,0.020169,0.988885,0.611805,0.431019,0.530927,0.714182,0.151051,0.413065,,,,,,,,,,,,,,,,,,,,,,,,,,,,,,,,,,,,,,,,,,
20261007T043827Z,stage5_3d,epoch,2026-10-07T06:18:43+00:00,6016.0,39,3069,7.999999999999999e-10,2.329533,0,,,,,,,,,,,,,,,,,,,,,,,,,,,,,,,,,,,,,,,,,,,,,,,,,,,,,,,,,,,,,,,,,0.8885,1.96,0.4541,609191,0.0303,9.8155,0.8949,0.8539,0.041,0.412,11.2,0.2755,24.9106,0.3408,0.1319,0.2088,3.38,6.01,0.0254,0.4025,15.86,0.6433,0.2571,0.201,17704,0.7518,0.6925,0.0593,0.534,3.0,23.173,24.589,1.416,82863,26.831,29.048,2.217,83571,16.178,17.737,1.559,83571
20261007T062236Z,stage5_3d,step,2026-10-07T06:24:12+00:00,96.1,0,50,5.460769766948092e-05,8.248867,0,72.56,,0.510434,3.6839,0.031175,0.039514,-0.008339,0.027062,1.848772,118.124451,1.273733,0.394164,0.162431,,1.64338,0.797317,0.296574,0.09348,0.00862,0.047852,7.648479,0.301977,3721.0,40.0,247529.0,0.430086,0.160502,0.610995,0.343224,24.82896,22.134789,-2.694172,28.911777,27.177933,-1.733845,19.279924,15.974483,-3.305442,12809.0,12914.0,12914.0,0.785004,0.787423,-0.002419,0.083305,12.0,0.668344,0.666734,0.001611,0.335977,3.0,,,,,,0.029776,0.692836,0.227642,0.409772,0.129373,0.071389,0.141022,0.153613,,,,,,,,,,,,,,,,,,,,,,,,,,,,,,,,,,,,,,,,,,
20261007T062236Z,stage5_3d,epoch,2026-10-07T06:25:13+00:00,156.7,0,76,0.00010355488253083298,7.502749,0,,,,,,,,,,,,,,,,,,,,,,,,,,,,,,,,,,,,,,,,,,,,,,,,,,,,,,,,,,,,,,,,,0.7351,1.62,0.4541,609191,0.0302,2.5314,0.8527,0.8527,-0.0,0.0905,11.2,1.5874,132.7424,5.5898,2.9896,2.6002,3.38,6.01,0.0254,0.0377,1.49,0.0,0.0,0.0523,17704,0.6845,0.6925,-0.008,0.3793,3.0,25.289,24.589,-0.699,82863,29.576,29.048,-0.528,83571,17.804,17.737,-0.067,83571
20261007T062236Z,stage5_3d,step,2026-10-07T06:26:07+00:00,210.8,1,100,0.00014917500980188753,5.912472,0,72.56,,0.352194,3.575323,0.037791,0.043014,-0.005223,0.028496,1.542479,108.719887,1.212226,0.407796,0.159041,0.092849,0.752342,0.749757,0.246828,0.040145,0.053096,0.108398,1.832991,0.700332,4938.0,40.0,286861.0,0.336892,0.119797,0.727029,0.357058,25.988657,24.713144,-1.275513,28.887173,28.312208,-0.574965,18.053204,17.606977,-0.446226,12817.0,12981.0,12981.0,0.835358,0.835358,0.0,0.083333,12.0,0.71204,0.71599,-0.00395,0.386717,3.0,1.0,1.0,-0.0,1.0,1.0,0.017783,0.727808,0.091543,0.408338,0.240271,0.117981,0.160146,0.119977,,,,,,,,,,,,,,,,,,,,,,,,,,,,,,,,,,,,,,,,,,
20261007T062236Z,stage5_3d,step,2026-10-07T06:27:50+00:00,313.7,1,150,0.00019987767195383136,5.141639,0,72.56,,0.335892,3.369775,0.09807,0.040485,0.057585,0.074443,1.045384,76.602448,1.031095,0.218936,0.100335,,0.480842,0.449685,0.267894,0.103001,0.146209,0.181641,4.16321,0.406738,3288.0,40.0,251415.0,0.332327,0.162214,0.841823,0.234671,20.605604,22.276245,1.670641,22.221109,27.4536,5.232491,13.536259,15.872476,2.336217,13094.0,13199.0,13199.0,0.882603,0.793187,0.089416,0.374157,12.0,0.859584,0.661009,0.198574,0.745976,3.0,,,,,,0.026087,0.820871,0.707501,0.407884,0.604178,0.645507,0.143415,0.221718,,,,,,,,,,,,,,,,,,,,,,,,,,,,,,,,,,,,,,,,,,
20261007T062236Z,stage5_3d,epoch,2026-10-07T06:28:01+00:00,324.9,1,153,0.00019999998243887268,5.375689,0,,,,,,,,,,,,,,,,,,,,,,,,,,,,,,,,,,,,,,,,,,,,,,,,,,,,,,,,,,,,,,,,,0.8042,1.77,0.4541,609191,0.0301,3.7693,0.8599,0.8534,0.0065,0.1414,11.2,1.1665,107.1483,3.1452,1.7523,1.3929,3.38,6.01,0.0254,0.0671,2.64,0.0,0.0,0.1026,17704,0.6901,0.6925,-0.0024,0.3971,3.0,26.232,24.589,-1.642,82863,29.953,29.048,-0.905,83571,17.695,17.737,0.042,83571
20261007T062236Z,stage5_3d,step,2026-10-07T06:29:35+00:00,419.2,2,200,0.00019986877002170993,4.389674,0,72.56,,0.551135,3.282638,0.115162,0.086291,0.028871,0.045699,0.901282,88.58271,1.198302,0.316458,0.148802,,0.64402,0.816942,0.262649,0.031393,0.24704,0.145508,9.558197,0.256288,5082.0,40.0,110918.0,0.522219,0.446077,0.807865,0.364307,25.16711,23.70673,-1.460381,30.737398,29.478529,-1.258869,18.115168,18.22352,0.108353,13335.0,13368.0,13368.0,0.829398,0.811688,0.01771,0.130749,13.0,0.670394,0.672855,-0.00246,0.388978,3.0,,,,,,0.028182,0.740519,0.494732,0.383833,0.327824,0.592344,0.171374,0.126398,,,,,,,,,,,,,,,,,,,,,,,,,,,,,,,,,,,,,,,,,,
20261007T062236Z,stage5_3d,epoch,2026-10-07T06:30:41+00:00,484.7,2,230,0.00019965107032740041,4.361753,0,,,,,,,,,,,,,,,,,,,,,,,,,,,,,,,,,,,,,,,,,,,,,,,,,,,,,,,,,,,,,,,,,0.8199,1.81,0.4541,609191,0.0303,13.9381,0.8698,0.8537,0.0161,0.2139,11.2,0.7322,56.7447,2.1045,1.2202,0.8843,3.38,6.01,0.0254,0.0919,3.62,0.3333,0.0009,0.1245,17704,0.6874,0.6925,-0.0051,0.4158,3.0,25.503,24.589,-0.914,82863,29.747,29.048,-0.699,83571,17.208,17.737,0.529,83571
20261007T062236Z,stage5_3d,step,2026-10-07T06:31:20+00:00,524.2,3,250,0.00019944807296449558,4.028653,0,72.56,,0.279555,2.999106,0.166857,0.040529,0.126328,0.127253,0.546902,31.478794,0.727364,0.162493,0.067081,,0.287002,0.295943,0.462511,0.103686,0.331822,0.238281,4.214403,0.468407,3458.0,40.0,245511.0,0.289234,0.16152,0.892252,0.150936,14.990497,22.501696,7.511199,16.638657,27.370556,10.731899,11.28694,16.186308,4.899368,12859.0,12961.0,12961.0,0.922209,0.774725,0.147484,0.547907,12.0,0.912454,0.653754,0.2587,0.8318,3.0,,,,,,0.027002,0.916117,0.796642,0.398435,0.684659,0.788948,0.144303,0.333188,,,,,,,,,,,,,,,,,,,,,,,,,,,,,,,,,,,,,,,,,,
20261007T062236Z,stage5_3d,step,2026-10-07T06:32:57+00:00,621.5,3,300,0.00019873878121600698,3.866938,0,72.56,,0.271398,2.882252,0.179914,0.039831,0.140084,0.139101,0.52794,31.166563,0.73225,0.194973,0.070341,,0.289501,0.31338,0.246486,0.102246,0.42091,0.233398,4.276006,0.437265,3563.0,40.0,247941.0,0.292717,0.160994,0.891216,0.189202,16.184349,22.341452,6.157103,21.226231,27.518559,6.292328,12.2568,16.017456,3.760656,12746.0,12856.0,12856.0,0.922818,0.795958,0.126859,0.544,12.0,0.894239,0.673045,0.221193,0.78958,3.0,,,,,,0.023152,0.917987,0.752349,0.406706,0.697931,0.754749,0.14512,0.381466,,,,,,,,,,,,,,,,,,,,,,,,,,,,,,,,,,,,,,,,,,
20261007T062236Z,stage5_3d,epoch,2026-10-07T06:33:18+00:00,642.1,3,307,0.00019861655747453505,3.913811,0,,,,,,,,,,,,,,,,,,,,,,,,,,,,,,,,,,,,,,,,,,,,,,,,,,,,,,,,,,,,,,,,,0.8342,1.84,0.4541,609191,0.0303,7.4426,0.8728,0.854,0.0188,0.2324,11.2,0.6144,48.455,1.8238,1.0744,0.7494,3.38,6.01,0.0254,0.1159,4.57,0.4615,0.0055,0.1369,17704,0.6961,0.6925,0.0036,0.4206,3.0,25.317,24.589,-0.728,82863,29.141,29.048,-0.093,83571,17.599,17.737,0.138,83571
20261007T062236Z,stage5_3d,step,2026-10-07T06:34:39+00:00,723.3,4,350,0.00019774295312338373,3.703666,0,72.56,,0.258557,2.750534,0.210312,0.040187,0.170124,0.163535,0.468735,35.123486,0.720183,0.178819,0.067857,,0.303335,0.362702,0.238971,0.093007,0.505959,0.201172,4.018691,0.381328,3378.0,40.0,244724.0,0.281143,0.159216,0.896695,0.18381,16.236525,22.296133,6.059608,18.878601,27.331751,8.45315,12.87157,16.099276,3.227706,12883.0,12987.0,12987.0,0.914742,0.795145,0.119597,0.592931,11.0,0.870961,0.679476,0.191485,0.745079,3.0,,,,,,0.033519,0.913939,0.762649,0.408766,0.724627,0.710729,0.132018,0.368856,,,,,,,,,,,,,,,,,,,,,,,,,,,,,,,,,,,,,,,,,,
20261007T062236Z,stage5_3d,epoch,2026-10-07T06:35:53+00:00,796.7,4,384,0.00019690356137157461,3.682582,0,,,,,,,,,,,,,,,,,,,,,,,,,,,,,,,,,,,,,,,,,,,,,,,,,,,,,,,,,,,,,,,,,0.8428,1.86,0.4541,609191,0.0302,7.1327,0.8708,0.8539,0.0169,0.2485,11.2,0.5027,37.3213,1.4753,0.9107,0.5646,3.38,6.01,0.0254,0.1223,4.82,0.4286,0.0055,0.133,17704,0.6986,0.6925,0.0061,0.4243,3.0,24.845,24.589,-0.256,82863,28.9,29.048,0.148,83571,17.226,17.737,0.511,83571
20261007T062236Z,stage5_3d,step,2026-10-07T06:36:29+00:00,833.1,5,400,0.00019646347855516053,3.607135,0,72.58,,0.485792,3.167004,0.142578,0.101999,0.040578,0.054065,0.55167,47.831177,1.016399,0.266693,0.110954,,0.538476,0.753305,0.26522,0.033583,0.585473,0.100098,9.63224,0.199799,4845.0,40.0,108269.0,0.503611,0.432525,0.836003,0.347862,24.346647,23.329439,-1.017208,29.394676,28.813877,-0.580799,16.785568,16.896561,0.110992,12838.0,12893.0,12893.0,0.848091,0.80743,0.040661,0.235582,12.0,0.691931,0.677002,0.014929,0.379793,3.0,,,,,,0.021972,0.841401,0.702668,0.387968,0.415688,0.732096,0.171646,0.235383,,,,,,,,,,,,,,,,,,,,,,,,,,,,,,,,,,,,,,,,,,
20261007T062236Z,stage5_3d,step,2026-10-07T06:38:05+00:00,929.2,5,450,0.00019490407051494014,3.508968,0,72.58,,0.470991,3.237427,0.10755,0.060521,0.047028,0.053215,0.480793,39.624809,0.961649,0.236251,0.075494,,0.511842,0.755416,0.251327,0.032047,0.664819,0.071289,9.381322,0.211327,5088.0,40.0,112929.0,0.478682,0.455941,0.839657,0.360324,24.625912,24.280457,-0.345455,30.171917,29.888693,-0.283224,17.879213,18.295662,0.416449,13315.0,13348.0,13348.0,0.851415,0.815252,0.036163,0.235273,11.0,0.681394,0.667065,0.014329,0.37253,3.0,,,,,,0.026495,0.846383,0.717573,0.400528,0.486255,0.775364,0.167775,0.43311,,,,,,,,,,,,,,,,,,,,,,,,,,,,,,,,,,,,,,,,,,
20261007T062236Z,stage5_3d,epoch,2026-10-07T06:38:29+00:00,953.3,5,460,0.00019455898096474967,3.512863,0,,,,,,,,,,,,,,,,,,,,,,,,,,,,,,,,,,,,,,,,,,,,,,,,,,,,,,,,,,,,,,,,,0.8454,1.86,0.4541,609191,0.0301,7.9749,0.8763,0.8525,0.0237,0.2443,11.2,0.4658,34.0687,1.4144,0.8825,0.5319,3.38,6.01,0.0254,0.16,6.31,0.4783,0.0051,0.1502,17704,0.7089,0.6925,0.0164,0.4223,3.0,24.73,24.589,-0.141,82863,29.08,29.048,-0.032,83571,16.946,17.737,0.791,83571
20261007T062236Z,stage5_3d,step,2026-10-07T06:39:52+00:00,1036.3,6,500,0.0001930692543663488,3.388669,0,72.58,,0.328059,3.12045,0.089306,0.077724,0.011582,0.041933,0.453587,24.821833,1.041155,0.407145,0.163521,9.2e-05,0.482413,0.770873,0.265145,0.047031,0.739931,0.107422,8.381997,0.190808,6081.0,40.0,255681.0,0.326628,0.111111,0.694576,0.385492,26.74958,25.699749,-1.049831,30.858969,30.27651,-0.582458,19.024431,18.744148,-0.280283,12341.0,12709.0,12709.0,0.856767,0.844269,0.012498,0.153545,12.0,0.695652,0.693119,0.002533,0.388307,3.0,1.0,1.0,0.0,1.0,1.0,0.007892,0.772885,0.146547,0.404332,0.30154,0.161751,0.158077,0.139422,,,,,,,,,,,,,,,,,,,,,,,,,,,,,,,,,,,,,,,,,,
20261007T062236Z,stage5_3d,epoch,2026-10-07T06:41:11+00:00,1115.0,6,537,0.00019153728343843484,3.417883,0,,,,,,,,,,,,,,,,,,,,,,,,,,,,,,,,,,,,,,,,,,,,,,,,,,,,,,,,,,,,,,,,,0.8423,1.85,0.4541,609191,0.0303,8.1389,0.8784,0.8535,0.0249,0.2522,11.2,0.4693,33.6391,1.4435,0.9168,0.5267,3.38,6.01,0.0254,0.1336,5.26,0.5667,0.0078,0.1434,17704,0.7094,0.6925,0.0169,0.4331,3.0,24.49,24.589,0.099,82863,28.537,29.048,0.511,83571,17.239,17.737,0.498,83571
20261007T062236Z,stage5_3d,step,2026-10-07T06:41:40+00:00,1143.8,7,550,0.00019096435470054239,3.371937,0,72.58,,0.215052,2.435142,0.253925,0.040618,0.213307,0.199848,0.445069,36.835724,0.815081,0.158267,0.050888,,0.233412,0.2304,0.245483,0.102245,0.817077,0.151367,3.528089,0.502947,3438.0,40.0,243336.0,0.257354,0.160897,0.916122,0.142377,13.599366,22.431351,8.831985,16.042873,27.736462,11.693588,11.230784,16.195982,4.965198,12915.0,13018.0,13018.0,0.931065,0.779814,0.151251,0.689978,11.0,0.922743,0.668292,0.254451,0.854851,3.0,,,,,,0.022722,0.909576,0.803847,0.404891,0.770824,0.809029,0.135949,0.485216,,,,,,,,,,,,,,,,,,,,,,,,,,,,,,,,,,,,,,,,,,
20261007T062236Z,stage5_3d,step,2026-10-07T06:43:10+00:00,1233.7,7,600,0.0001885954798843747,3.298735,0,72.58,,0.450631,3.127001,0.129571,0.075219,0.054352,0.056988,0.395841,29.204876,0.899009,0.190951,0.08298,7.9e-05,0.511645,0.73217,0.221799,0.031409,0.9003,0.081543,8.658895,0.212013,4981.0,40.0,111177.0,0.458309,0.455715,0.849141,0.341575,24.008268,23.578775,-0.429493,28.930458,29.032396,0.101938,16.049168,16.661245,0.612078,12985.0,13024.0,13024.0,0.849227,0.795423,0.053804,0.276167,12.0,0.695304,0.670027,0.025277,0.398939,3.0,1.0,1.0,0.0,1.0,1.0,0.02985,0.864469,0.76359,0.380884,0.620011,0.805343,0.171882,0.349858,,,,,,,,,,,,,,,,,,,,,,,,,,,,,,,,,,,,,,,,,,
20261007T062236Z,stage5_3d,epoch,2026-10-07T06:43:47+00:00,1271.3,7,614,0.00018788580836075964,3.353979,0,,,,,,,,,,,,,,,,,,,,,,,,,,,,,,,,,,,,,,,,,,,,,,,,,,,,,,,,,,,,,,,,,0.8609,1.9,0.4541,609191,0.0303,7.8756,0.8741,0.853,0.0211,0.2984,11.2,0.475,32.5579,1.627,1.1232,0.5037,3.38,6.01,0.0254,0.1862,7.34,0.54,0.0248,0.1454,17704,0.7136,0.6925,0.0211,0.4415,3.0,24.262,24.589,0.328,82863,28.823,29.048,0.225,83571,16.994,17.737,0.743,83571
20261007T062236Z,stage5_3d,step,2026-10-07T06:45:00+00:00,1344.5,8,650,0.00018596950433406742,3.396342,0,72.58,,0.198482,2.265444,0.280327,0.038736,0.241591,0.220871,0.371882,21.193232,0.764164,0.170248,0.055896,,0.218097,0.205327,0.266498,0.100321,0.969715,0.168945,3.157465,0.535832,3444.0,40.0,251394.0,0.248981,0.163321,0.921299,0.111975,12.148384,21.758713,9.610329,13.872673,27.143492,13.270819,9.987496,15.669431,5.681934,12972.0,13075.0,13075.0,0.930023,0.778455,0.151568,0.656668,12.0,0.929355,0.654839,0.274516,0.88407,3.0,,,,,,0.03199,0.906271,0.78381,0.408831,0.786338,0.79453,0.133951,0.434962,,,,,,,,,,,,,,,,,,,,,,,,,,,,,,,,,,,,,,,,,,
20261007T062236Z,stage5_3d,epoch,2026-10-07T06:46:28+00:00,1431.8,8,691,0.0001836296780315763,3.269561,0,,,,,,,,,,,,,,,,,,,,,,,,,,,,,,,,,,,,,,,,,,,,,,,,,,,,,,,,,,,,,,,,,0.8605,1.89,0.4541,609191,0.0301,7.3445,0.8809,0.854,0.027,0.2638,11.2,0.453,31.1231,1.4916,0.9644,0.5272,3.38,6.01,0.0254,0.1617,6.37,0.5397,0.0313,0.1522,17704,0.7151,0.6925,0.0226,0.4453,3.0,24.416,24.589,0.173,82863,28.363,29.048,0.685,83571,17.255,17.737,0.482,83571
20261007T062236Z,stage5_3d,step,2026-10-07T06:46:58+00:00,1462.2,9,700,0.00018309404856582415,3.531611,0,72.58,,0.284988,3.08899,0.09663,0.046841,0.049789,0.085384,0.388817,25.164635,0.51334,0.336066,0.121612,1.8e-05,0.391948,0.588727,0.23878,0.039316,1.047139,0.099121,6.324343,0.326404,1300.0,40.0,78415.0,0.294793,0.121801,0.809068,0.31608,23.427864,24.32156,0.893696,26.886608,28.387753,1.501144,16.229996,17.707266,1.47727,3444.0,3501.0,3501.0,0.896154,0.831538,0.064615,0.464479,10.0,0.775092,0.700734,0.074357,0.530545,3.0,1.0,1.0,0.0,1.0,1.0,0.024829,0.964644,0.455303,0.419898,0.388278,0.526421,0.163248,0.303129,,,,,,,,,,,,,,,,,,,,,,,,,,,,,,,,,,,,,,,,,,
20261007T062236Z,stage5_3d,step,2026-10-07T06:48:37+00:00,1561.0,9,750,0.00017997745708128046,3.13458,0,72.58,,0.423557,3.092881,0.134406,0.070537,0.063868,0.071174,0.437836,29.364828,0.740873,0.229798,0.152629,,0.373029,0.65668,0.257229,0.019534,1.122898,0.078125,8.107499,0.239288,4941.0,40.0,109755.0,0.432555,0.440208,0.873147,0.335031,23.38583,23.24761,-0.13822,28.809984,29.205318,0.395334,16.634594,17.513401,0.878807,12999.0,13043.0,13043.0,0.889496,0.825744,0.063752,0.377169,11.0,0.749201,0.685551,0.06365,0.518617,3.0,,,,,,0.040228,0.915981,0.730569,0.381628,0.778012,0.642737,0.177087,0.764246,,,,,,,,,,,,,,,,,,,,,,,,,,,,,,,,,,,,,,,,,,
20261007T062236Z,stage5_3d,epoch,2026-10-07T06:49:14+00:00,1598.0,9,767,0.00017886447227021072,3.19351,0,,,,,,,,,,,,,,,,,,,,,,,,,,,,,,,,,,,,,,,,,,,,,,,,,,,,,,,,,,,,,,,,,0.8619,1.9,0.4541,609191,0.0301,7.2414,0.8765,0.8539,0.0226,0.3035,11.2,0.4099,29.8794,1.1642,0.7179,0.4463,3.38,6.01,0.0254,0.2244,8.84,0.4955,0.0506,0.1668,17704,0.7151,0.6925,0.0226,0.4679,3.0,24.461,24.589,0.128,82863,28.392,29.048,0.656,83571,16.827,17.737,0.91,83571
20261007T062236Z,stage5_3d,step,2026-10-07T06:50:24+00:00,1668.5,10,800,0.0001766287741519663,3.23725,0,72.58,,0.412585,3.014751,0.161902,0.100333,0.061568,0.055804,0.453972,25.146036,0.583519,,,,0.580936,0.848979,0.284213,0.021202,1.186896,0.102539,7.016465,0.238672,4337.0,40.0,94188.0,0.417351,0.565125,0.877056,0.45855,30.919815,30.512505,-0.40731,35.219223,34.55706,-0.662163,21.599632,21.514357,-0.085276,13533.0,13556.0,13556.0,0.834448,0.804473,0.029975,0.205236,13.0,0.623914,0.631939,-0.008025,0.405429,3.0,,,,,,0.024591,0.945875,,,,,,,,,,,,,,,,,,,,,,,,,,,,,,,,,,,,,,,,,,,,,,,,
20261007T062236Z,stage5_3d,epoch,2026-10-07T06:51:56+00:00,1759.9,10,844,0.0001734976486180134,3.136599,0,,,,,,,,,,,,,,,,,,,,,,,,,,,,,,,,,,,,,,,,,,,,,,,,,,,,,,,,,,,,,,,,,0.8646,1.9,0.4541,609191,0.0304,6.7521,0.8835,0.8532,0.0303,0.3063,11.2,0.5145,35.4246,1.8855,1.3772,0.5083,3.38,6.01,0.0254,0.2132,8.4,0.5431,0.0492,0.1732,17704,0.7231,0.6925,0.0306,0.4543,3.0,24.33,24.589,0.26,82863,28.346,29.048,0.702,83571,16.862,17.737,0.875,83571
20261007T062236Z,stage5_3d,step,2026-10-07T06:52:09+00:00,1773.6,11,850,0.00017305771757305323,3.124429,0,72.58,,0.185564,2.143109,0.319495,0.04019,0.279306,0.251839,0.418686,32.204456,0.599469,0.147808,0.057359,,0.201854,0.219378,0.262524,0.107507,1.262233,0.179688,4.536838,0.401657,3429.0,40.0,246235.0,0.239869,0.160412,0.927877,0.123096,12.049776,22.916569,10.866793,13.938568,27.790104,13.851536,10.03931,16.348087,6.308777,12894.0,13001.0,13001.0,0.9373,0.776611,0.160688,0.669487,12.0,0.928899,0.653044,0.275855,0.868051,3.0,,,,,,0.024411,0.942871,0.817333,0.390857,0.845835,0.814691,0.147851,0.47241,,,,,,,,,,,,,,,,,,,,,,,,,,,,,,,,,,,,,,,,,,
20261007T062236Z,stage5_3d,step,2026-10-07T06:53:46+00:00,1869.9,11,900,0.00016927465046255293,3.091696,0,72.58,,0.18903,2.141299,0.325733,0.040219,0.285514,0.261352,0.366836,22.262468,0.62911,0.160556,0.06323,,0.187235,0.222915,0.391987,0.104755,1.330915,0.151367,3.998832,0.455041,3768.0,40.0,244169.0,0.246947,0.160287,0.926204,0.110047,11.279653,21.990133,10.710481,12.809109,27.115803,14.306694,10.014531,16.33337,6.318839,12602.0,12703.0,12703.0,0.942941,0.783174,0.159766,0.830045,11.0,0.923895,0.640335,0.283561,0.865328,3.0,,,,,,0.025623,0.940725,0.79255,0.405903,0.817036,0.735486,0.135325,0.455383,,,,,,,,,,,,,,,,,,,,,,,,,,,,,,,,,,,,,,,,,,
20261007T062236Z,stage5_3d,epoch,2026-10-07T06:54:33+00:00,1917.3,11,921,0.00016762516084958573,3.100447,0,,,,,,,,,,,,,,,,,,,,,,,,,,,,,,,,,,,,,,,,,,,,,,,,,,,,,,,,,,,,,,,,,0.8694,1.91,0.4541,609191,0.0302,6.4801,0.8809,0.8524,0.0285,0.3191,11.2,0.4083,29.9186,1.1621,0.7265,0.4355,3.38,6.01,0.0254,0.2463,9.71,0.4876,0.0994,0.1559,17704,0.7224,0.6925,0.0299,0.4827,3.0,24.313,24.589,0.276,82863,28.155,29.048,0.893,83571,17.609,17.737,0.128,83571
20261007T062236Z,stage5_3d,step,2026-10-07T06:55:29+00:00,1972.7,12,950,0.00016529055118780448,2.969138,0,72.58,,0.179107,2.079561,0.339306,0.039052,0.300254,0.271695,0.333868,19.026939,0.525847,0.113635,0.045277,,0.187204,0.220956,0.369658,0.093778,1.397496,0.173828,5.068588,0.374278,2998.0,40.0,247201.0,0.237549,0.160618,0.930988,0.096537,9.947162,22.44215,12.494988,11.472343,27.278683,15.806339,8.507723,15.825274,7.317551,12993.0,13097.0,13097.0,0.943296,0.791861,0.151434,0.81381,11.0,0.925488,0.683121,0.242368,0.850875,3.0,,,,,,0.032251,0.953907,0.859735,0.400679,0.862924,0.843303,0.141472,0.47539,,,,,,,,,,,,,,,,,,,,,,,,,,,,,,,,,,,,,,,,,,
20261007T062236Z,stage5_3d,epoch,2026-10-07T06:57:03+00:00,2067.2,12,997,0.00016137252044454205,3.014517,0,,,,,,,,,,,,,,,,,,,,,,,,,,,,,,,,,,,,,,,,,,,,,,,,,,,,,,,,,,,,,,,,,0.8719,1.92,0.4541,609191,0.0302,6.2093,0.8798,0.8518,0.028,0.2937,11.2,0.3902,28.198,1.0914,0.6623,0.4291,3.38,6.01,0.0254,0.2676,10.55,0.4875,0.1697,0.1671,17704,0.7254,0.6925,0.0329,0.4804,3.0,24.34,24.589,0.25,82863,28.461,29.048,0.587,83571,17.32,17.737,0.417,83571
20261007T062236Z,stage5_3d,step,2026-10-07T06:57:12+00:00,2076.2,13,1000,0.00016111698150652357,2.619252,0,72.58,,0.190511,2.197933,0.282484,0.038565,0.24392,0.229601,0.311984,15.765426,0.697592,0.178803,0.062274,,0.254836,0.27831,0.261781,0.106266,1.470372,0.158203,4.777271,0.391928,3527.0,40.0,250842.0,0.250287,0.164414,0.919492,0.13162,12.894449,22.374395,9.479946,15.335636,27.532217,12.196581,10.402458,16.070265,5.667807,12807.0,12910.0,12910.0,0.925149,0.787638,0.137511,0.739601,11.0,0.906637,0.640312,0.266325,0.839092,3.0,,,,,,0.028427,0.920524,0.772073,0.413869,0.737375,0.754986,0.134137,0.388163,,,,,,,,,,,,,,,,,,,,,,,,,,,,,,,,,,,,,,,,,,
20261007T062236Z,stage5_3d,step,2026-10-07T06:58:43+00:00,2166.8,13,1050,0.00015676605301486702,3.005434,0,72.58,,0.2833,3.046042,0.096736,0.063245,0.033491,0.065542,0.395255,20.52425,0.507035,0.345937,0.135047,6e-06,0.283479,0.566213,0.266848,0.043837,1.529046,0.099121,6.532592,0.239431,5216.0,40.0,274175.0,0.298454,0.11175,0.780322,0.388007,27.745609,27.897331,0.151722,30.796043,31.523024,0.72698,17.883766,19.263903,1.380136,12876.0,13120.0,13120.0,0.920629,0.876342,0.044287,0.39504,12.0,0.788178,0.752794,0.035385,0.484166,3.0,1.0,1.0,0.0,1.0,1.0,0.015658,0.968884,0.36812,0.390249,0.329433,0.463732,0.165252,0.262502,,,,,,,,,,,,,,,,,,,,,,,,,,,,,,,,,,,,,,,,,,
20261007T062236Z,stage5_3d,epoch,2026-10-07T06:59:34+00:00,2217.6,13,1074,0.00015461829828835688,3.005415,0,,,,,,,,,,,,,,,,,,,,,,,,,,,,,,,,,,,,,,,,,,,,,,,,,,,,,,,,,,,,,,,,,0.8758,1.93,0.4541,609191,0.0302,6.8123,0.8849,0.8532,0.0317,0.3055,11.2,0.4038,28.2433,1.2155,0.7782,0.4373,3.38,6.01,0.0254,0.2705,10.66,0.5603,0.0363,0.1798,17704,0.7334,0.6925,0.0409,0.4563,3.0,24.324,24.589,0.265,82863,28.061,29.048,0.987,83571,16.46,17.737,1.277,83571
20261007T062236Z,stage5_3d,step,2026-10-07T07:00:26+00:00,2270.6,14,1100,0.00015225039199987976,3.080497,0,72.58,,0.395246,3.051882,0.131852,0.060186,0.071666,0.073083,0.384491,25.568726,0.532173,0.151129,0.054196,,0.389398,0.61405,0.228209,0.026493,1.590371,0.103516,8.596728,0.186882,5261.0,40.0,118144.0,0.419507,0.445287,0.877293,0.337636,24.215019,24.132166,-0.082853,28.556747,29.894625,1.337877,15.979151,17.756493,1.777342,13851.0,13893.0,13893.0,0.880631,0.813914,0.066717,0.34963,12.0,0.754514,0.676268,0.078246,0.533297,3.0,,,,,,0.019561,0.954676,0.836075,0.398908,0.684956,0.844895,0.165199,0.549662,,,,,,,,,,,,,,,,,,,,,,,,,,,,,,,,,,,,,,,,,,
20261007T062236Z,stage5_3d,step,2026-10-07T07:02:04+00:00,2368.0,14,1150,0.0001475831027983218,2.875831,0,72.58,,0.375086,3.047385,0.131892,0.080511,0.051381,0.053458,0.565294,55.161896,0.91058,,,,0.385213,0.764733,0.492604,0.017368,1.654551,0.07959,8.766337,0.197559,4020.0,40.0,96670.0,0.390893,0.661032,0.882281,0.41789,28.661127,28.576488,-0.084639,32.974327,33.370312,0.395985,17.61426,18.52766,0.913401,14692.0,14708.0,14708.0,0.874876,0.824129,0.050746,0.391592,10.0,0.686706,0.636509,0.050198,0.421434,3.0,,,,,,0.04693,0.856401,,,,,,,,,,,,,,,,,,,,,,,,,,,,,,,,,,,,,,,,,,,,,,,,
20261007T062236Z,stage5_3d,epoch,2026-10-07T07:02:12+00:00,2375.8,14,1151,0.00014748830272857288,2.95467,0,,,,,,,,,,,,,,,,,,,,,,,,,,,,,,,,,,,,,,,,,,,,,,,,,,,,,,,,,,,,,,,,,0.8717,1.92,0.4541,609191,0.0305,7.0953,0.886,0.8533,0.0327,0.3079,11.2,0.4332,29.2371,1.4721,1.0453,0.4268,3.38,6.01,0.0254,0.2777,10.94,0.5361,0.1127,0.1714,17704,0.7313,0.6925,0.0388,0.4818,3.0,24.197,24.589,0.393,82863,28.189,29.048,0.859,83571,16.515,17.737,1.222,83571
20261007T062236Z,stage5_3d,step,2026-10-07T07:03:47+00:00,2470.8,15,1200,0.00014277772976820628,2.913041,0,72.58,,0.414437,2.995515,0.158487,0.095489,0.062998,0.057479,0.380348,26.047129,0.65208,,,,0.376997,0.722727,0.390538,0.026465,1.712739,0.084961,7.673112,0.22847,5180.0,40.0,96354.0,0.420905,0.574901,0.884836,0.354711,24.912182,24.223713,-0.688469,29.160229,29.166111,0.005882,18.092216,18.204166,0.11195,13881.0,13901.0,13901.0,0.88861,0.817181,0.071429,0.336622,13.0,0.713978,0.67871,0.035268,0.427739,3.0,,,,,,0.026433,0.925062,,,,,,,,,,,,,,,,,,,,,,,,,,,,,,,,,,,,,,,,,,,,,,,,
20261007T062236Z,stage5_3d,epoch,2026-10-07T07:04:47+00:00,2530.7,15,1227,0.00014013030728498587,2.90682,0,,,,,,,,,,,,,,,,,,,,,,,,,,,,,,,,,,,,,,,,,,,,,,,,,,,,,,,,,,,,,,,,,0.8726,1.92,0.4541,609191,0.0299,6.8576,0.8855,0.8525,0.033,0.3298,11.2,0.3933,29.4922,1.0975,0.6661,0.4315,3.38,6.01,0.0254,0.2654,10.46,0.4938,0.1293,0.1653,17704,0.7276,0.6925,0.0351,0.4912,3.0,24.217,24.589,0.373,82863,27.999,29.048,1.049,83571,16.745,17.737,0.992,83571
20261007T062236Z,stage5_3d,step,2026-10-07T07:05:35+00:00,2579.5,16,1250,0.00013784821798340722,2.959895,0,72.58,,0.165738,1.995697,0.343285,0.041245,0.302041,0.279451,0.291253,15.847317,0.584561,0.172246,0.065008,,0.212605,0.245758,0.269661,0.093444,1.767866,0.15918,5.953681,0.276844,3372.0,40.0,243643.0,0.233848,0.158736,0.931486,0.118567,11.932308,22.070475,10.138166,13.929708,27.532518,13.60281,10.144978,16.331728,6.18675,12752.0,12853.0,12853.0,0.936833,0.794187,0.142645,0.73765,11.0,0.921276,0.66169,0.259586,0.847489,3.0,,,,,,0.026856,0.944523,0.767539,0.405451,0.826976,0.719391,0.133286,0.431367,,,,,,,,,,,,,,,,,,,,,,,,,,,,,,,,,,,,,,,,,,
20261007T062236Z,stage5_3d,step,2026-10-07T07:07:07+00:00,2670.7,16,1300,0.00013280887276539933,2.919015,0,72.58,,0.157089,1.943413,0.348742,0.040286,0.308456,0.288354,0.333928,23.040844,0.55078,0.141345,0.049542,,0.163163,0.165573,0.289041,0.106562,1.824268,0.164062,6.031114,0.277784,3686.0,40.0,244683.0,0.228531,0.159664,0.934047,0.092877,10.329478,21.979288,11.64981,11.921157,27.419106,15.497949,8.93805,15.57457,6.636519,12736.0,12844.0,12844.0,0.948182,0.78242,0.165762,0.737631,12.0,0.945427,0.656208,0.289218,0.891565,3.0,,,,,,0.024682,0.952099,0.831296,0.398923,0.835612,0.839031,0.139286,0.520748,,,,,,,,,,,,,,,,,,,,,,,,,,,,,,,,,,,,,,,,,,
20261007T062236Z,stage5_3d,epoch,2026-10-07T07:07:24+00:00,2688.4,16,1304,0.00013240141634653912,2.920176,0,,,,,,,,,,,,,,,,,,,,,,,,,,,,,,,,,,,,,,,,,,,,,,,,,,,,,,,,,,,,,,,,,0.8787,1.93,0.4541,609191,0.0301,7.6425,0.886,0.8533,0.0327,0.3661,11.2,0.3873,27.8258,1.1116,0.6723,0.4393,3.38,6.01,0.0254,0.2941,11.59,0.5185,0.1357,0.1871,17704,0.7327,0.6925,0.0402,0.4833,3.0,24.201,24.589,0.388,82863,27.844,29.048,1.204,83571,16.442,17.737,1.295,83571
20261007T062236Z,stage5_3d,step,2026-10-07T07:08:54+00:00,2777.9,17,1350,0.00012767431816956823,2.863661,0,72.58,,0.378003,3.031583,0.125605,0.08113,0.044475,0.05247,0.447282,36.264591,0.913568,,,,0.390456,0.788328,0.508008,0.013758,1.875185,0.069824,8.82439,0.234932,4643.0,40.0,100012.0,0.38187,0.672359,0.884357,0.412109,28.625566,28.50452,-0.121046,33.302025,33.479023,0.176998,17.493767,17.916048,0.422281,14883.0,14899.0,14899.0,0.877665,0.803575,0.07409,0.449539,11.0,0.67266,0.615357,0.057303,0.425423,3.0,,,,,,0.047804,0.858173,,,,,,,,,,,,,,,,,,,,,,,,,,,,,,,,,,,,,,,,,,,,,,,,
20261007T062236Z,stage5_3d,epoch,2026-10-07T07:09:55+00:00,2839.4,17,1381,0.00012444960507292463,2.855911,0,,,,,,,,,,,,,,,,,,,,,,,,,,,,,,,,,,,,,,,,,,,,,,,,,,,,,,,,,,,,,,,,,0.874,1.92,0.4541,609191,0.0301,6.6445,0.8872,0.8523,0.0348,0.3423,11.2,0.4226,30.2515,1.3762,0.9133,0.4629,3.38,6.01,0.0254,0.2893,11.4,0.5276,0.1937,0.1816,17704,0.7298,0.6925,0.0373,0.5084,3.0,24.284,24.589,0.305,82863,28.081,29.048,0.967,83571,16.403,17.737,1.334,83571
20261007T062236Z,stage5_3d,step,2026-10-07T07:10:33+00:00,2877.5,18,1400,0.00012245945454656318,2.673142,0,72.58,,0.145448,1.812105,0.386304,0.040647,0.345658,0.317651,0.275023,15.12902,0.541199,0.132058,0.046075,,0.151661,0.126223,0.330629,0.103118,1.922657,0.165039,6.145762,0.281387,3795.0,40.0,249521.0,0.221872,0.161113,0.937621,0.073336,8.911913,21.770164,12.858252,10.291761,26.679438,16.387676,7.970284,15.495816,7.525533,12828.0,12935.0,12935.0,0.949144,0.78419,0.164954,0.795975,11.0,0.961904,0.65693,0.304974,0.933522,3.0,,,,,,0.025051,0.953243,0.83705,0.416263,0.819169,0.817221,0.133292,0.440236,,,,,,,,,,,,,,,,,,,,,,,,,,,,,,,,,,,,,,,,,,
20261007T062236Z,stage5_3d,step,2026-10-07T07:12:08+00:00,2971.8,18,1450,0.00011717941530184711,2.861061,0,72.58,,0.368446,2.986471,0.139067,0.082391,0.056676,0.054695,0.342683,26.906618,1.150624,,,2e-06,0.333804,0.724957,0.406427,0.012129,1.969148,0.081055,10.471346,0.15237,4221.0,40.0,104955.0,0.38891,0.668277,0.890038,0.429406,29.56068,29.488831,-0.07185,34.179691,34.223408,0.043716,17.838558,18.44054,0.601982,15655.0,15676.0,15676.0,0.895285,0.819237,0.076048,0.463407,11.0,0.703114,0.63009,0.073024,0.471889,3.0,1.0,1.0,0.0,1.0,1.0,0.059889,0.827008,,,,,,,,,,,,,,,,,,,,,,,,,,,,,,,,,,,,,,,,,,,,,,,,
20261007T062236Z,stage5_3d,epoch,2026-10-07T07:12:32+00:00,2996.4,18,1458,0.00011632958225522917,2.831264,0,,,,,,,,,,,,,,,,,,,,,,,,,,,,,,,,,,,,,,,,,,,,,,,,,,,,,,,,,,,,,,,,,0.8776,1.93,0.4541,609191,0.0301,7.4591,0.8883,0.8517,0.0366,0.3592,11.2,0.3686,27.2271,0.9744,0.5777,0.3967,3.38,6.01,0.0254,0.3037,11.97,0.5843,0.0957,0.1874,17704,0.7366,0.6925,0.0441,0.5,3.0,23.862,24.589,0.727,82863,27.99,29.048,1.058,83571,16.665,17.737,1.072,83571
20261007T062236Z,stage5_3d,step,2026-10-07T07:13:57+00:00,3080.8,19,1500,0.00011184952297892776,2.835381,0,72.58,,0.165116,1.905369,0.37804,0.039066,0.338974,0.318057,0.277948,23.875393,0.578809,0.125783,0.050091,,0.153539,0.199776,0.360722,0.098679,2.014933,0.165039,6.209206,0.27935,3804.0,40.0,249293.0,0.238356,0.163651,0.931422,0.099833,10.121886,22.020163,11.898276,11.816841,27.163563,15.346722,9.036893,16.237247,7.200355,12591.0,12693.0,12693.0,0.94979,0.793638,0.156151,0.822062,11.0,0.934428,0.649154,0.285274,0.887273,3.0,,,,,,0.02895,0.947057,0.844596,0.399124,0.843338,0.818513,0.137554,0.44758,,,,,,,,,,,,,,,,,,,,,,,,,,,,,,,,,,,,,,,,,,
20261007T062236Z,stage5_3d,epoch,2026-10-07T07:15:10+00:00,3153.6,19,1535,0.00010809721398693369,2.810629,0,,,,,,,,,,,,,,,,,,,,,,,,,,,,,,,,,,,,,,,,,,,,,,,,,,,,,,,,,,,,,,,,,0.8803,1.94,0.4541,609191,0.0301,7.9351,0.8883,0.8525,0.0358,0.3602,11.2,0.368,26.8112,0.9898,0.6009,0.3889,3.38,6.01,0.0254,0.3329,13.12,0.6265,0.0957,0.1797,17704,0.7396,0.6925,0.0471,0.4998,3.0,23.853,24.589,0.736,82863,27.73,29.048,1.318,83571,16.276,17.737,1.461,83571
20261007T062236Z,stage5_3d,step,2026-10-07T07:15:41+00:00,3185.4,20,1550,0.00010648524479371483,2.602268,0,72.58,,0.156293,1.894282,0.370239,0.04279,0.32745,0.30801,0.295665,15.418144,0.502157,0.111353,0.041969,,0.168073,0.186815,0.280472,0.105667,2.056926,0.166016,6.806343,0.243018,3649.0,40.0,245620.0,0.225518,0.158472,0.936212,0.103522,10.427514,22.483366,12.055852,12.501534,27.756048,15.254514,9.379332,16.294363,6.915031,12801.0,12904.0,12904.0,0.944094,0.79419,0.149904,0.66545,12.0,0.937955,0.662652,0.275304,0.892115,3.0,,,,,,0.027657,0.95803,0.86191,0.403392,0.875764,0.835633,0.133121,0.467586,,,,,,,,,,,,,,,,,,,,,,,,,,,,,,,,,,,,,,,,,,
20261007T062236Z,stage5_3d,step,2026-10-07T07:17:20+00:00,3284.2,20,1600,0.00010110214774904131,2.837947,0,72.58,,0.164591,1.929401,0.355034,0.03883,0.316203,0.296065,0.305193,22.811857,0.603991,0.171039,0.060742,,0.192246,0.200341,0.292394,0.105504,2.09756,0.172852,6.781952,0.255179,3239.0,40.0,246521.0,0.242508,0.164404,0.927823,0.103047,10.712087,21.616562,10.904475,13.078751,27.009277,13.930527,9.443597,15.69476,6.251163,12556.0,12659.0,12659.0,0.940414,0.793146,0.147268,0.693168,12.0,0.928437,0.649001,0.279436,0.87302,3.0,,,,,,0.027418,0.940776,0.778218,0.402622,0.802653,0.778092,0.139397,0.450251,,,,,,,,,,,,,,,,,,,,,,,,,,,,,,,,,,,,,,,,,,
20261007T062236Z,stage5_3d,epoch,2026-10-07T07:17:58+00:00,3322.2,20,1612,9.980913930287478e-05,2.776594,0,,,,,,,,,,,,,,,,,,,,,,,,,,,,,,,,,,,,,,,,,,,,,,,,,,,,,,,,,,,,,,,,,0.8806,1.94,0.4541,609191,0.0302,7.8428,0.8872,0.8529,0.0343,0.374,11.2,0.3854,27.965,1.1389,0.7457,0.3933,3.38,6.01,0.0254,0.3254,12.82,0.5777,0.1385,0.192,17704,0.7382,0.6925,0.0457,0.5065,3.0,23.822,24.589,0.768,82863,27.62,29.048,1.427,83571,16.45,17.737,1.287,83571
20261007T062236Z,stage5_3d,step,2026-10-07T07:19:22+00:00,3406.2,21,1650,9.57158534596056e-05,2.712657,0,72.58,,0.306789,2.890217,0.148019,0.082054,0.065965,0.059482,0.338037,16.705372,0.730334,,,,0.41129,0.713762,0.361143,0.016817,2.140049,0.075195,9.209062,0.174144,3836.0,40.0,98947.0,0.327092,0.668833,0.911228,0.386191,27.590067,27.691326,0.101259,31.154724,32.284431,1.129707,16.668684,17.298651,0.629967,14937.0,14953.0,14953.0,0.881648,0.818822,0.062826,0.431366,11.0,0.709559,0.644727,0.064831,0.506435,3.0,,,,,,0.050638,0.908293,,,,,,,,,,,,,,,,,,,,,,,,,,,,,,,,,,,,,,,,,,,,,,,,
20261007T062236Z,stage5_3d,epoch,2026-10-07T07:20:38+00:00,3482.0,21,1689,9.152238050033794e-05,2.729278,0,,,,,,,,,,,,,,,,,,,,,,,,,,,,,,,,,,,,,,,,,,,,,,,,,,,,,,,,,,,,,,,,,0.8848,1.95,0.4541,609191,0.0302,7.9795,0.8899,0.8534,0.0365,0.3764,11.2,0.3735,26.4712,1.1006,0.7104,0.3902,3.38,6.01,0.0254,0.3027,11.93,0.558,0.0929,0.1912,17704,0.7383,0.6925,0.0458,0.5044,3.0,23.827,24.589,0.763,82863,27.567,29.048,1.481,83571,16.767,17.737,0.97,83571
20261007T062236Z,stage5_3d,step,2026-10-07T07:21:08+00:00,3511.9,22,1700,9.034199281843149e-05,2.87502,0,72.58,,0.2979,2.932638,0.128882,0.081043,0.047839,0.058132,0.380258,23.182604,1.036446,,,,0.372874,0.670652,0.342488,0.01493,2.172166,0.077148,8.924587,0.166095,4241.0,40.0,102008.0,0.31706,0.67877,0.910265,0.391177,27.843279,27.571386,-0.271893,31.752419,32.478382,0.725964,16.468157,17.309628,0.841471,15019.0,15035.0,15035.0,0.883754,0.817732,0.066022,0.425025,11.0,0.715998,0.6459,0.070098,0.49067,3.0,,,,,,0.071025,0.846017,,,,,,,,,,,,,,,,,,,,,,,,,,,,,,,,,,,,,,,,,,,,,,,,
20261007T062236Z,stage5_3d,step,2026-10-07T07:22:39+00:00,3603.5,22,1750,8.499616063640253e-05,2.675172,0,72.58,,0.158548,1.882429,0.384541,0.040216,0.344325,0.322037,0.290964,18.355534,0.499329,0.107468,0.039498,,0.157345,0.174255,0.27922,0.097005,2.206747,0.172852,7.259114,0.229361,3319.0,40.0,244348.0,0.23029,0.160902,0.934495,0.104976,10.478981,22.62672,12.147739,12.223661,27.757494,15.533833,9.029588,16.595993,7.566405,12883.0,12988.0,12988.0,0.950889,0.795722,0.155167,0.808269,11.0,0.942308,0.664305,0.278003,0.902056,3.0,,,,,,0.024517,0.959409,0.865865,0.39582,0.861565,0.869107,0.146323,0.490651,,,,,,,,,,,,,,,,,,,,,,,,,,,,,,,,,,,,,,,,,,
20261007T062236Z,stage5_3d,epoch,2026-10-07T07:23:14+00:00,3638.0,22,1766,8.329395082328936e-05,2.711281,0,,,,,,,,,,,,,,,,,,,,,,,,,,,,,,,,,,,,,,,,,,,,,,,,,,,,,,,,,,,,,,,,,0.883,1.94,0.4541,609191,0.0302,7.4696,0.8898,0.8534,0.0363,0.3869,11.2,0.3397,26.6786,0.7757,0.422,0.3538,3.38,6.01,0.0254,0.3168,12.48,0.5461,0.2098,0.1827,17704,0.7356,0.6925,0.0431,0.5135,3.0,23.767,24.589,0.822,82863,27.625,29.048,1.423,83571,16.586,17.737,1.151,83571
20261007T062236Z,stage5_3d,step,2026-10-07T07:24:26+00:00,3709.6,23,1800,7.969387038650594e-05,2.709813,0,72.58,,0.340859,2.937944,0.148535,0.056645,0.09189,0.099044,0.263848,20.671911,0.479866,0.099794,0.03586,,0.275141,0.480158,0.237396,0.016488,2.237907,0.083984,8.392865,0.229799,1748.0,40.0,39726.0,0.390006,0.456275,0.895895,0.271343,20.348995,23.038288,2.689293,24.715086,29.736488,5.021402,15.765615,18.06749,2.301874,4444.0,4456.0,4456.0,0.91476,0.80778,0.106979,0.565257,11.0,0.80576,0.677383,0.128377,0.633889,3.0,,,,,,0.030683,0.963671,0.890696,0.393467,0.876391,0.909233,0.172151,0.565862,,,,,,,,,,,,,,,,,,,,,,,,,,,,,,,,,,,,,,,,,,
20261007T062236Z,stage5_3d,epoch,2026-10-07T07:26:06+00:00,3810.5,23,1842,7.528485745233515e-05,2.665802,0,,,,,,,,,,,,,,,,,,,,,,,,,,,,,,,,,,,,,,,,,,,,,,,,,,,,,,,,,,,,,,,,,0.8831,1.94,0.4541,609191,0.0302,8.1853,0.8888,0.8523,0.0365,0.3893,11.2,0.3398,26.5172,0.7791,0.4178,0.3613,3.38,6.01,0.0254,0.3337,13.15,0.5692,0.1155,0.1819,17704,0.7378,0.6925,0.0453,0.5206,3.0,23.57,24.589,1.02,82863,27.31,29.048,1.738,83571,16.575,17.737,1.162,83571
20261007T062236Z,stage5_3d,step,2026-10-07T07:26:26+00:00,3830.4,24,1850,7.445050918411706e-05,2.692493,0,72.58,,0.149318,1.837362,0.39319,0.038742,0.354448,0.334574,0.238818,15.038318,0.519122,0.122199,0.045189,,0.167573,0.202239,0.327549,0.100399,2.266562,0.166016,7.258563,0.230776,3310.0,40.0,240281.0,0.225778,0.161682,0.938595,0.089839,9.513218,21.535187,12.021969,11.213832,26.836517,15.622685,8.90196,15.852979,6.951018,12597.0,12702.0,12702.0,0.950755,0.801813,0.148943,0.746122,12.0,0.927975,0.658762,0.269214,0.868685,3.0,,,,,,0.027095,0.95229,0.845583,0.397153,0.827146,0.848874,0.138956,0.459125,,,,,,,,,,,,,,,,,,,,,,,,,,,,,,,,,,,,,,,,,,
20261007T062236Z,stage5_3d,step,2026-10-07T07:28:10+00:00,3934.2,24,1900,6.928129313397052e-05,2.720142,0,72.58,,0.398275,3.041697,0.157482,0.114869,0.042613,0.06847,0.379654,24.600271,0.220273,0.25375,0.083758,0.0,0.344943,0.707259,0.303902,0.040979,2.294798,0.094238,8.586528,0.210775,4023.0,40.0,122918.0,0.421625,0.328984,0.861591,0.40783,27.9035,27.863367,-0.040133,33.176247,33.79916,0.622913,19.34392,20.914568,1.570648,12012.0,12073.0,12073.0,0.889386,0.817549,0.071837,0.400222,13.0,0.711783,0.638844,0.072939,0.46869,3.0,1.0,1.0,0.0,1.0,1.0,0.00894,0.991123,0.619504,0.38634,0.588562,0.775445,0.166497,0.385456,,,,,,,,,,,,,,,,,,,,,,,,,,,,,,,,,,,,,,,,,,
20261007T062236Z,stage5_3d,epoch,2026-10-07T07:29:01+00:00,3984.7,24,1919,6.733956015915803e-05,2.669937,0,,,,,,,,,,,,,,,,,,,,,,,,,,,,,,,,,,,,,,,,,,,,,,,,,,,,,,,,,,,,,,,,,0.8845,1.95,0.4541,609191,0.0301,7.7985,0.8872,0.853,0.0343,0.4003,11.2,0.3347,26.0599,0.7664,0.4408,0.3256,3.38,6.01,0.0254,0.3702,14.59,0.6054,0.2576,0.1922,17704,0.7408,0.6925,0.0483,0.5176,3.0,23.72,24.589,0.869,82863,27.333,29.048,1.715,83571,16.349,17.737,1.388,83571
20261007T062236Z,stage5_3d,step,2026-10-07T07:30:09+00:00,4053.1,25,1950,6.420122317340004e-05,2.629897,0,72.58,,0.340387,2.938216,0.150609,0.059777,0.090832,0.088795,0.332211,19.085136,0.452247,0.09408,0.032735,,0.265409,0.489582,0.237117,0.019649,2.320727,0.090332,9.038412,0.185424,4950.0,40.0,110288.0,0.385274,0.442913,0.898614,0.280431,21.272913,23.430954,2.158041,24.960581,29.472731,4.51215,15.736232,17.598116,1.861884,12979.0,13016.0,13016.0,0.927273,0.809495,0.117778,0.550482,12.0,0.81789,0.68555,0.132339,0.64902,3.0,,,,,,0.032263,0.965144,0.895599,0.403174,0.862306,0.911825,0.168977,0.570962,,,,,,,,,,,,,,,,,,,,,,,,,,,,,,,,,,,,,,,,,,
20261007T062236Z,stage5_3d,epoch,2026-10-07T07:31:50+00:00,4154.2,25,1995,5.971757061219694e-05,2.636193,0,,,,,,,,,,,,,,,,,,,,,,,,,,,,,,,,,,,,,,,,,,,,,,,,,,,,,,,,,,,,,,,,,0.8852,1.95,0.4541,609191,0.0301,8.1588,0.8914,0.8534,0.038,0.3977,11.2,0.3242,26.0854,0.6623,0.3511,0.3112,3.38,6.01,0.0254,0.3752,14.79,0.6384,0.2006,0.1857,17704,0.7419,0.6925,0.0494,0.5201,3.0,23.581,24.589,1.008,82863,27.178,29.048,1.87,83571,16.302,17.737,1.435,83571
20261007T062236Z,stage5_3d,step,2026-10-07T07:32:03+00:00,4167.2,26,2000,5.9225041539988615e-05,2.431328,0,72.58,,0.27758,2.821978,0.135051,0.075623,0.059428,0.080325,0.334137,19.762331,0.15121,0.350358,0.121158,1.3e-05,0.173992,0.498929,0.293527,0.040629,2.343222,0.083984,5.098197,0.400299,2830.0,40.0,120285.0,0.297724,0.111111,0.780304,0.351608,26.066151,25.881783,-0.184368,28.889832,29.720697,0.830866,16.784868,18.181955,1.397087,5868.0,6050.0,6050.0,0.946996,0.858304,0.088693,0.599541,12.0,0.805776,0.705776,0.1,0.636457,3.0,1.0,1.0,0.0,1.0,1.0,0.007242,0.993788,0.370224,0.402583,0.363107,0.50761,0.158594,0.258287,,,,,,,,,,,,,,,,,,,,,,,,,,,,,,,,,,,,,,,,,,
20261007T062236Z,stage5_3d,step,2026-10-07T07:33:49+00:00,4272.8,26,2050,5.4367188989959204e-05,2.620656,0,72.58,,0.247082,2.80297,0.145941,0.042262,0.10368,0.123848,0.341702,28.749119,0.192742,0.292235,0.088713,1e-06,0.19626,0.395884,0.267891,0.035064,2.364637,0.10498,12.568776,0.164905,4636.0,40.0,269306.0,0.270548,0.118891,0.849546,0.268545,21.561777,25.130037,3.56826,23.578981,28.122601,4.543619,15.568699,17.788031,2.219332,12920.0,13091.0,13091.0,0.946721,0.849223,0.097498,0.612154,12.0,0.864426,0.738689,0.125738,0.698451,3.0,1.0,1.0,0.0,1.0,1.0,0.015661,0.993379,0.555735,0.406409,0.50106,0.691498,0.157775,0.364928,,,,,,,,,,,,,,,,,,,,,,,,,,,,,,,,,,,,,,,,,,
20261007T062236Z,stage5_3d,epoch,2026-10-07T07:34:36+00:00,4319.9,26,2071,5.236558070526759e-05,2.616192,0,,,,,,,,,,,,,,,,,,,,,,,,,,,,,,,,,,,,,,,,,,,,,,,,,,,,,,,,,,,,,,,,,0.8841,1.95,0.4541,609191,0.0304,8.2494,0.8931,0.8524,0.0407,0.3917,11.2,0.3418,27.341,0.785,0.4847,0.3003,3.38,6.01,0.0254,0.3549,13.99,0.6364,0.1642,0.1895,17704,0.7466,0.6925,0.0541,0.5155,3.0,23.553,24.589,1.037,82863,27.224,29.048,1.823,83571,16.26,17.737,1.477,83571
20261007T062236Z,stage5_3d,step,2026-10-07T07:35:31+00:00,4375.4,27,2100,4.9641762891456667e-05,2.493662,0,72.58,,0.14341,1.782789,0.403046,0.038982,0.364064,0.351279,0.230739,13.971287,0.582143,0.124204,0.039786,,0.140678,0.169358,0.3275,0.097131,2.385042,0.171875,7.147207,0.243245,3651.0,40.0,250673.0,0.22481,0.162128,0.938475,0.07747,8.625391,21.817558,13.192167,10.154488,27.045403,16.890915,8.210916,15.926758,7.715842,12989.0,13092.0,13092.0,0.950698,0.786086,0.164612,0.814009,11.0,0.94563,0.660693,0.284938,0.907044,3.0,,,,,,0.025622,0.944842,0.853289,0.411987,0.832938,0.859641,0.13331,0.51713,,,,,,,,,,,,,,,,,,,,,,,,,,,,,,,,,,,,,,,,,,
20261007T062236Z,stage5_3d,epoch,2026-10-07T07:37:08+00:00,4472.0,27,2148,4.5242673743222276e-05,2.594965,0,,,,,,,,,,,,,,,,,,,,,,,,,,,,,,,,,,,,,,,,,,,,,,,,,,,,,,,,,,,,,,,,,0.8865,1.95,0.4541,609191,0.0305,8.1932,0.8926,0.8529,0.0398,0.3888,11.2,0.3227,26.6498,0.6467,0.3594,0.2873,3.38,6.01,0.0254,0.3569,14.06,0.594,0.1904,0.1908,17704,0.7458,0.6925,0.0533,0.5244,3.0,23.57,24.589,1.019,82863,27.251,29.048,1.797,83571,16.315,17.737,1.422,83571
20261007T062236Z,stage5_3d,step,2026-10-07T07:37:17+00:00,4480.7,28,2150,4.506247631433356e-05,2.640186,0,72.58,,0.297634,2.885214,0.148191,0.08138,0.066811,0.062884,0.350733,17.930588,0.791779,,,0.0,0.394868,0.720619,0.324511,0.013948,2.403744,0.084961,7.682429,0.222722,3853.0,40.0,103452.0,0.31865,0.663457,0.914004,0.413448,29.28776,29.574593,0.286833,32.837296,34.002697,1.165401,17.411833,18.543278,1.131445,15629.0,15650.0,15650.0,0.885284,0.8204,0.064885,0.436593,11.0,0.693341,0.623058,0.070283,0.507486,3.0,1.0,1.0,0.0,1.0,1.0,0.051099,0.893699,,,,,,,,,,,,,,,,,,,,,,,,,,,,,,,,,,,,,,,,,,,,,,,,
20261007T062236Z,stage5_3d,step,2026-10-07T07:38:50+00:00,4574.4,28,2200,4.0642618235160055e-05,2.666881,0,72.58,,0.311994,2.767193,0.189578,0.100892,0.088687,0.090285,0.339845,35.532215,0.263568,0.075067,0.027991,,0.234612,0.500938,0.240904,0.035508,2.419839,0.099121,7.960863,0.224711,5012.0,40.0,109919.0,0.366809,0.441043,0.904852,0.287342,21.76767,23.864904,2.097235,25.070087,29.24169,4.171602,15.547678,17.696964,2.149286,13260.0,13306.0,13306.0,0.932961,0.806664,0.126297,0.576112,13.0,0.816407,0.662022,0.154385,0.678418,3.0,,,,,,0.022949,0.986451,0.917852,0.388396,0.900058,0.928768,0.171041,0.597689,,,,,,,,,,,,,,,,,,,,,,,,,,,,,,,,,,,,,,,,,,
20261007T062236Z,stage5_3d,epoch,2026-10-07T07:39:43+00:00,4626.8,28,2225,3.8496502206992984e-05,2.578966,0,,,,,,,,,,,,,,,,,,,,,,,,,,,,,,,,,,,,,,,,,,,,,,,,,,,,,,,,,,,,,,,,,0.8854,1.95,0.4541,609191,0.0304,8.1992,0.8935,0.852,0.0415,0.3941,11.2,0.3053,25.646,0.5305,0.2564,0.2741,3.38,6.01,0.0254,0.3439,13.55,0.5557,0.1973,0.1875,17704,0.7449,0.6925,0.0524,0.5147,3.0,23.659,24.589,0.93,82863,27.259,29.048,1.789,83571,16.373,17.737,1.364,83571
20261007T062236Z,stage5_3d,step,2026-10-07T07:40:37+00:00,4681.1,29,2250,3.639501497294201e-05,2.660548,0,72.58,,0.283776,2.86662,0.150455,0.080983,0.069472,0.065668,0.321874,28.73398,0.734439,,,,0.361297,0.662984,0.312274,0.018142,2.436456,0.087402,7.914749,0.18652,4888.0,40.0,100429.0,0.29981,0.67372,0.917737,0.385086,27.41618,27.779015,0.362835,31.286007,32.601315,1.315308,16.452538,17.617287,1.164749,15139.0,15155.0,15155.0,0.890957,0.817308,0.07365,0.413837,12.0,0.730886,0.643174,0.087712,0.534702,3.0,,,,,,0.061367,0.905288,,,,,,,,,,,,,,,,,,,,,,,,,,,,,,,,,,,,,,,,,,,,,,,,
20261007T062236Z,stage5_3d,step,2026-10-07T07:42:06+00:00,4770.0,29,2300,3.2331992967460005e-05,2.507191,0,72.58,,0.242039,2.770052,0.159865,0.042991,0.116873,0.133043,0.298386,26.906363,0.224076,0.277322,0.087149,4e-06,0.232748,0.385948,0.251922,0.040139,2.44963,0.100586,12.155867,0.175443,4620.0,40.0,267717.0,0.266978,0.118622,0.853205,0.286582,22.352282,26.317179,3.964897,24.909643,30.253616,5.343973,15.774321,18.544865,2.770544,12660.0,12823.0,12823.0,0.930303,0.84026,0.090043,0.599011,11.0,0.862169,0.727324,0.134845,0.721354,3.0,1.0,1.0,0.0,1.0,1.0,0.018271,0.991291,0.601092,0.414255,0.541401,0.678504,0.156989,0.390607,,,,,,,,,,,,,,,,,,,,,,,,,,,,,,,,,,,,,,,,,,
20261007T062236Z,stage5_3d,epoch,2026-10-07T07:42:19+00:00,4782.7,29,2302,3.217348003631152e-05,2.551414,0,,,,,,,,,,,,,,,,,,,,,,,,,,,,,,,,,,,,,,,,,,,,,,,,,,,,,,,,,,,,,,,,,0.8878,1.96,0.4541,609191,0.0305,8.1015,0.8903,0.8533,0.0371,0.4167,11.2,0.3008,25.2811,0.5102,0.2469,0.2633,3.38,6.01,0.0254,0.3512,13.84,0.5701,0.2879,0.1933,17704,0.7488,0.6925,0.0563,0.527,3.0,23.65,24.589,0.94,82863,27.264,29.048,1.784,83571,16.285,17.737,1.452,83571
20261007T062236Z,stage5_3d,step,2026-10-07T07:43:48+00:00,4871.7,30,2350,2.8465343008245436e-05,2.489221,0,72.58,,0.379568,2.972736,0.153094,0.087484,0.06561,0.062147,0.384967,41.684963,0.500417,,,,0.441569,0.749384,0.240002,0.016442,2.462136,0.076172,8.324622,0.187855,3885.0,40.0,90197.0,0.395221,0.545883,0.889021,0.441028,30.606159,30.531635,-0.074524,34.11985,34.589691,0.469841,19.143242,20.615383,1.472141,12784.0,12817.0,12817.0,0.866924,0.804376,0.062548,0.358044,13.0,0.672373,0.639264,0.03311,0.471555,3.0,,,,,,0.027971,0.957174,,,,,,,,,,,,,,,,,,,,,,,,,,,,,,,,,,,,,,,,,,,,,,,,
20261007T062236Z,stage5_3d,epoch,2026-10-07T07:44:43+00:00,4926.9,30,2379,2.6317109885739257e-05,2.550759,0,,,,,,,,,,,,,,,,,,,,,,,,,,,,,,,,,,,,,,,,,,,,,,,,,,,,,,,,,,,,,,,,,0.8884,1.96,0.4541,609191,0.0302,8.1535,0.893,0.8533,0.0397,0.4169,11.2,0.2973,25.0392,0.506,0.245,0.2609,3.38,6.01,0.0254,0.3866,15.23,0.6351,0.213,0.1971,17704,0.7474,0.6925,0.0549,0.5242,3.0,23.401,24.589,1.189,82863,27.086,29.048,1.962,83571,16.36,17.737,1.377,83571
20261007T062236Z,stage5_3d,step,2026-10-07T07:45:26+00:00,4970.1,31,2400,2.4806286018000492e-05,2.348909,0,72.58,,0.317896,2.807152,0.178751,0.091153,0.087598,0.088511,0.262789,7.583783,0.253152,0.063085,0.022334,,0.155439,0.455834,0.267775,0.033871,2.472676,0.090332,7.997824,0.22912,5074.0,40.0,110597.0,0.362914,0.44447,0.908693,0.283781,21.580732,23.807501,2.226768,24.674568,29.131584,4.457016,15.288417,17.752203,2.463786,13595.0,13629.0,13629.0,0.950335,0.820654,0.129681,0.645882,12.0,0.834984,0.681835,0.153148,0.679997,3.0,,,,,,0.014688,0.98729,0.933058,0.402937,0.940243,0.941751,0.170484,0.618901,,,,,,,,,,,,,,,,,,,,,,,,,,,,,,,,,,,,,,,,,,
20261007T062236Z,stage5_3d,step,2026-10-07T07:47:01+00:00,5065.5,31,2450,2.1365440489757482e-05,2.548177,0,72.58,,0.31755,2.794326,0.17725,0.077474,0.099776,0.096164,0.283773,30.014563,0.489116,0.154173,0.057405,,0.266163,0.499434,0.236378,0.015054,2.481104,0.102539,8.067214,0.216697,2112.0,40.0,47961.0,0.373321,0.444882,0.902138,0.299739,22.10107,24.4088,2.30773,26.245913,30.790419,4.544506,16.067297,18.245893,2.178596,5683.0,5697.0,5697.0,0.924716,0.829545,0.09517,0.588666,11.0,0.812533,0.684404,0.128129,0.648538,3.0,,,,,,0.043935,0.957557,0.815899,0.421816,0.785368,0.82025,0.161059,0.531278,,,,,,,,,,,,,,,,,,,,,,,,,,,,,,,,,,,,,,,,,,
20261007T062236Z,stage5_3d,epoch,2026-10-07T07:47:18+00:00,5082.2,31,2456,2.096768382460109e-05,2.513697,0,,,,,,,,,,,,,,,,,,,,,,,,,,,,,,,,,,,,,,,,,,,,,,,,,,,,,,,,,,,,,,,,,0.8876,1.95,0.4541,609191,0.0304,8.1562,0.8926,0.8527,0.0399,0.4141,11.2,0.2936,24.9986,0.4653,0.2134,0.2519,3.38,6.01,0.0254,0.3879,15.29,0.6404,0.2392,0.1955,17704,0.7465,0.6925,0.054,0.5228,3.0,23.39,24.589,1.199,82863,27.081,29.048,1.967,83571,16.468,17.737,1.269,83571
20261007T062236Z,stage5_3d,step,2026-10-07T07:48:40+00:00,5164.5,32,2500,1.815279167227432e-05,2.431523,0,72.58,,0.136119,1.702406,0.417428,0.039596,0.377832,0.362574,0.172258,9.137623,0.576017,0.163625,0.054511,,0.135209,0.140978,0.312945,0.119901,2.488312,0.176758,7.257123,0.247557,3624.0,40.0,249223.0,0.22073,0.163255,0.940539,0.072475,8.420883,21.717274,13.296391,9.775958,27.141605,17.365647,7.875945,15.788688,7.912743,12681.0,12785.0,12785.0,0.958333,0.782009,0.176324,0.765548,12.0,0.954786,0.643144,0.311642,0.927458,3.0,,,,,,0.028065,0.944638,0.788593,0.410033,0.826173,0.800076,0.139727,0.466104,,,,,,,,,,,,,,,,,,,,,,,,,,,,,,,,,,,,,,,,,,
20261007T062236Z,stage5_3d,epoch,2026-10-07T07:49:52+00:00,5236.2,32,2533,1.616200612587876e-05,2.513467,0,,,,,,,,,,,,,,,,,,,,,,,,,,,,,,,,,,,,,,,,,,,,,,,,,,,,,,,,,,,,,,,,,0.8885,1.96,0.4541,609191,0.0301,8.1444,0.8932,0.8534,0.0398,0.4142,11.2,0.3022,25.6817,0.5172,0.2675,0.2497,3.38,6.01,0.0254,0.3837,15.12,0.6203,0.236,0.1962,17704,0.7454,0.6925,0.0529,0.5245,3.0,23.393,24.589,1.197,82863,27.049,29.048,1.999,83571,16.255,17.737,1.482,83571
20261007T062236Z,stage5_3d,step,2026-10-07T07:50:26+00:00,5270.4,33,2550,1.5177662593089161e-05,2.553844,0,72.58,,0.271317,2.765565,0.143239,0.078278,0.064961,0.083325,0.28768,20.132805,0.117011,0.333115,0.107146,3e-06,0.148078,0.476592,0.283058,0.038684,2.4945,0.084473,4.575845,0.421289,6273.0,40.0,256824.0,0.293732,0.111111,0.788503,0.340726,25.196892,25.589891,0.393,28.094765,29.565868,1.471104,17.070211,18.441185,1.370974,12353.0,12725.0,12725.0,0.959031,0.851427,0.107604,0.607826,13.0,0.818463,0.701778,0.116685,0.651209,3.0,1.0,1.0,0.0,1.0,1.0,0.008624,0.996465,0.423193,0.402739,0.395713,0.581119,0.157609,0.320973,,,,,,,,,,,,,,,,,,,,,,,,,,,,,,,,,,,,,,,,,,
20261007T062236Z,stage5_3d,step,2026-10-07T07:52:05+00:00,5368.7,33,2600,1.244868700332472e-05,2.452489,0,72.58,,0.339532,2.852776,0.181178,0.105419,0.075759,0.071554,0.287317,18.687313,0.355418,0.153335,0.031581,,0.370795,0.741519,0.258503,0.028011,2.50012,0.083008,8.245996,0.196657,4192.0,40.0,91001.0,0.351689,0.549895,0.90696,0.412809,28.813488,28.961416,0.147928,32.635246,33.37365,0.738403,18.775316,20.498596,1.72328,13137.0,13159.0,13159.0,0.88979,0.789599,0.100191,0.461455,13.0,0.675161,0.619719,0.055442,0.481483,3.0,,,,,,0.021085,0.978578,0.817925,0.360755,0.672765,0.936404,0.178187,0.565078,,,,,,,,,,,,,,,,,,,,,,,,,,,,,,,,,,,,,,,,,,
20261007T062236Z,stage5_3d,epoch,2026-10-07T07:52:28+00:00,5392.5,33,2609,1.1984235593803661e-05,2.49369,0,,,,,,,,,,,,,,,,,,,,,,,,,,,,,,,,,,,,,,,,,,,,,,,,,,,,,,,,,,,,,,,,,0.8881,1.96,0.4541,609191,0.0301,8.1381,0.8933,0.8536,0.0396,0.4092,11.2,0.2884,24.9343,0.432,0.1896,0.2424,3.38,6.01,0.0254,0.3783,14.91,0.5996,0.2686,0.1995,17704,0.7485,0.6925,0.056,0.5255,3.0,23.369,24.589,1.22,82863,27.08,29.048,1.968,83571,16.22,17.737,1.517,83571
20261007T062236Z,stage5_3d,step,2026-10-07T07:53:44+00:00,5467.8,34,2650,9.973784322755706e-06,2.479538,0,72.58,,0.242825,2.777555,0.156222,0.040663,0.115559,0.130629,0.287891,28.563534,0.14435,0.280637,0.08079,0.0,0.163518,0.378427,0.321026,0.041885,2.504586,0.104004,12.447189,0.166952,5111.0,40.0,271766.0,0.27014,0.119301,0.851772,0.260664,20.69524,24.691906,3.996666,23.27409,29.131109,5.857019,15.20589,17.850021,2.644132,13174.0,13350.0,13350.0,0.952064,0.844844,0.10722,0.657232,12.0,0.866357,0.735488,0.130868,0.700518,3.0,1.0,1.0,0.0,1.0,1.0,0.017783,0.995017,0.598376,0.420369,0.537009,0.718109,0.158624,0.40477,,,,,,,,,,,,,,,,,,,,,,,,,,,,,,,,,,,,,,,,,,
20261007T062236Z,stage5_3d,epoch,2026-10-07T07:54:52+00:00,5536.4,34,2685,8.396402091172746e-06,2.478534,0,,,,,,,,,,,,,,,,,,,,,,,,,,,,,,,,,,,,,,,,,,,,,,,,,,,,,,,,,,,,,,,,,0.8889,1.96,0.4541,609191,0.0303,8.1658,0.8927,0.8525,0.0401,0.4237,11.2,0.2863,24.8577,0.4128,0.1738,0.239,3.38,6.01,0.0254,0.4013,15.81,0.6345,0.23,0.1989,17704,0.7442,0.6925,0.0517,0.5262,3.0,23.388,24.589,1.202,82863,27.074,29.048,1.973,83571,16.37,17.737,1.367,83571
20261007T062236Z,stage5_3d,step,2026-10-07T07:55:25+00:00,5568.8,35,2700,7.760136657848161e-06,2.562827,0,72.58,,0.259407,2.824157,0.136143,0.059639,0.076504,0.09759,0.287188,22.777967,0.188856,0.315001,0.101358,0.0,0.14222,0.395687,0.333925,0.039465,2.508224,0.096191,8.681208,0.273323,4881.0,40.0,260381.0,0.280497,0.11164,0.814895,0.344285,25.80736,28.813833,3.006474,28.185259,32.417324,4.232065,17.182472,20.04595,2.863478,12830.0,13070.0,13070.0,0.955952,0.869289,0.086663,0.761094,10.0,0.863611,0.763117,0.100493,0.682374,3.0,1.0,1.0,0.0,1.0,1.0,0.014205,0.991794,0.456814,0.381738,0.430839,0.636022,0.158097,0.377131,,,,,,,,,,,,,,,,,,,,,,,,,,,,,,,,,,,,,,,,,,
20261007T062236Z,stage5_3d,step,2026-10-07T07:56:58+00:00,5662.1,35,2750,5.814167959463888e-06,2.495643,0,72.58,,0.347896,2.863012,0.174866,0.10312,0.071746,0.068325,0.325719,15.685124,0.254531,,,,0.315049,0.701683,0.252485,0.025073,2.511044,0.084473,8.049478,0.206004,4054.0,40.0,91372.0,0.365403,0.551723,0.900653,0.398389,27.8113,27.66622,-0.145081,31.68145,32.534798,0.853348,18.824455,20.300524,1.476068,13258.0,13280.0,13280.0,0.908485,0.795017,0.113468,0.479057,13.0,0.702318,0.634685,0.067632,0.503833,3.0,,,,,,0.015107,0.989661,,,,,,,,,,,,,,,,,,,,,,,,,,,,,,,,,,,,,,,,,,,,,,,,
20261007T062236Z,stage5_3d,epoch,2026-10-07T07:57:28+00:00,5691.6,35,2762,5.387610154722147e-06,2.492519,0,,,,,,,,,,,,,,,,,,,,,,,,,,,,,,,,,,,,,,,,,,,,,,,,,,,,,,,,,,,,,,,,,0.8882,1.96,0.4541,609191,0.0302,8.2033,0.8957,0.8533,0.0424,0.4174,11.2,0.2847,24.7903,0.3997,0.162,0.2377,3.38,6.01,0.0254,0.4087,16.11,0.6255,0.2659,0.193,17704,0.7472,0.6925,0.0547,0.5287,3.0,23.359,24.589,1.23,82863,27.006,29.048,2.042,83571,16.28,17.737,1.457,83571
20261007T062236Z,stage5_3d,step,2026-10-07T07:58:44+00:00,5768.0,36,2800,4.141525380713651e-06,2.448414,0,72.58,,0.3094,2.908136,0.14104,0.082218,0.058822,0.062893,0.335676,23.634689,0.633768,,,,0.418285,0.71109,0.290656,0.01451,2.513091,0.085938,7.492721,0.194125,4437.0,40.0,98277.0,0.32704,0.666575,0.908521,0.390529,27.867035,28.070919,0.203884,31.425896,32.683365,1.257469,16.681684,17.583447,0.901762,14845.0,14861.0,14861.0,0.881451,0.813387,0.068064,0.443035,11.0,0.704335,0.632829,0.071506,0.503527,3.0,,,,,,0.044226,0.933804,,,,,,,,,,,,,,,,,,,,,,,,,,,,,,,,,,,,,,,,,,,,,,,,
20261007T062236Z,stage5_3d,epoch,2026-10-07T08:00:04+00:00,5847.6,36,2839,3.0297581331770755e-06,2.487739,0,,,,,,,,,,,,,,,,,,,,,,,,,,,,,,,,,,,,,,,,,,,,,,,,,,,,,,,,,,,,,,,,,0.8887,1.96,0.4541,609191,0.0305,8.2261,0.8933,0.8538,0.0395,0.4143,11.2,0.2838,24.732,0.396,0.1606,0.2354,3.38,6.01,0.0254,0.3964,15.62,0.6381,0.2774,0.1912,17704,0.747,0.6925,0.0545,0.528,3.0,23.384,24.589,1.205,82863,26.995,29.048,2.053,83571,16.259,17.737,1.478,83571
20261007T062236Z,stage5_3d,step,2026-10-07T08:00:29+00:00,5873.2,37,2850,2.7470628890582965e-06,2.450485,0,72.58,,0.147326,1.784831,0.40194,0.0396,0.36234,0.34275,0.160439,11.674123,0.511762,0.139539,0.046309,,0.165078,0.218607,0.274433,0.110785,2.514478,0.175781,8.42812,0.224244,3214.0,40.0,244221.0,0.226087,0.160465,0.936116,0.102845,10.65594,22.508966,11.853026,12.135296,27.245262,15.109966,9.15293,15.948149,6.795218,12758.0,12860.0,12860.0,0.944928,0.793093,0.151836,0.803128,11.0,0.929391,0.66778,0.26161,0.883746,3.0,,,,,,0.028851,0.953366,0.829612,0.412451,0.863371,0.826832,0.135339,0.483144,,,,,,,,,,,,,,,,,,,,,,,,,,,,,,,,,,,,,,,,,,
20261007T062236Z,stage5_3d,step,2026-10-07T08:02:05+00:00,5968.6,37,2900,1.6348271802150377e-06,2.469022,0,72.58,,0.132386,1.692688,0.426325,0.04,0.386325,0.368074,0.151056,11.354045,0.444663,0.124856,0.045214,,0.132742,0.14651,0.298884,0.100323,2.515422,0.185547,7.523915,0.256515,3417.0,40.0,248348.0,0.21404,0.160791,0.943877,0.077097,8.864032,22.146788,13.282756,10.385059,27.387989,17.00293,8.170886,15.831812,7.660926,12942.0,13045.0,13045.0,0.955809,0.78607,0.16974,0.75153,12.0,0.955506,0.66741,0.288096,0.919176,3.0,,,,,,0.022362,0.967472,0.840721,0.398428,0.86346,0.84744,0.143273,0.495055,,,,,,,,,,,,,,,,,,,,,,,,,,,,,,,,,,,,,,,,,,
20261007T062236Z,stage5_3d,epoch,2026-10-07T08:02:41+00:00,6005.4,37,2916,1.3390681461555124e-06,2.48689,0,,,,,,,,,,,,,,,,,,,,,,,,,,,,,,,,,,,,,,,,,,,,,,,,,,,,,,,,,,,,,,,,,0.8891,1.96,0.4541,609191,0.0304,8.1608,0.8948,0.8525,0.0423,0.4121,11.2,0.283,24.7265,0.3897,0.1553,0.2345,3.38,6.01,0.0254,0.3955,15.59,0.6132,0.2392,0.1949,17704,0.7467,0.6925,0.0542,0.5266,3.0,23.34,24.589,1.249,82863,27.058,29.048,1.99,83571,16.271,17.737,1.466,83571
20261007T062236Z,stage5_3d,step,2026-10-07T08:03:50+00:00,6073.8,38,2950,8.080459347464185e-07,2.560523,0,72.58,,0.283986,2.886667,0.139527,0.081773,0.057754,0.063111,0.319748,26.517275,0.577101,,,,0.346934,0.67302,0.330554,0.013692,2.515926,0.081543,7.479717,0.20602,4203.0,40.0,100131.0,0.30368,0.672749,0.916461,0.375331,27.100151,27.785879,0.685728,30.649357,32.702045,2.052689,16.387751,17.521353,1.133602,14984.0,15000.0,15000.0,0.897692,0.813467,0.084226,0.557821,10.0,0.733915,0.64053,0.093385,0.538143,3.0,,,,,,0.047416,0.94479,,,,,,,,,,,,,,,,,,,,,,,,,,,,,,,,,,,,,,,,,,,,,,,,
20261007T062236Z,stage5_3d,epoch,2026-10-07T08:05:10+00:00,6153.6,38,2993,3.2717221083063085e-07,2.481721,0,,,,,,,,,,,,,,,,,,,,,,,,,,,,,,,,,,,,,,,,,,,,,,,,,,,,,,,,,,,,,,,,,0.8887,1.96,0.4541,609191,0.0305,8.1747,0.8942,0.8534,0.0409,0.4162,11.2,0.2828,24.744,0.3873,0.1528,0.2344,3.38,6.01,0.0254,0.405,15.96,0.6142,0.2672,0.1964,17704,0.7467,0.6925,0.0542,0.5262,3.0,23.35,24.589,1.239,82863,27.041,29.048,2.007,83571,16.282,17.737,1.455,83571
20261007T062236Z,stage5_3d,step,2026-10-07T08:05:29+00:00,6173.0,39,3000,2.691184514110325e-07,2.660268,0,72.58,,0.140096,1.693758,0.426479,0.039577,0.386902,0.368328,0.164452,10.281002,0.507756,0.120354,0.045925,,0.146844,0.188085,0.288784,0.107404,2.516152,0.182617,7.849058,0.235058,3984.0,40.0,249841.0,0.224129,0.162379,0.938067,0.092464,9.741517,21.806696,12.065179,11.352987,27.158684,15.805696,8.839068,16.070606,7.231538,12737.0,12850.0,12850.0,0.952811,0.788153,0.164659,0.835964,11.0,0.94008,0.654651,0.285429,0.879135,3.0,,,,,,0.023742,0.956857,0.849295,0.409046,0.868517,0.825846,0.138576,0.46771,,,,,,,,,,,,,,,,,,,,,,,,,,,,,,,,,,,,,,,,,,
20261007T062236Z,stage5_3d,step,2026-10-07T08:06:58+00:00,6261.6,39,3050,1.960868445771787e-08,2.433981,0,72.58,,0.244918,2.774763,0.146943,0.046185,0.100758,0.131431,0.301137,17.402691,0.198128,0.289281,0.083239,,0.166479,0.358366,0.245893,0.0349,2.516207,0.102051,13.006549,0.155941,1460.0,40.0,82493.0,0.268491,0.11915,0.852746,0.24778,20.26458,24.358709,4.09413,22.189098,26.980783,4.791685,15.067679,17.226208,2.158528,3551.0,3599.0,3599.0,0.954795,0.85,0.104795,0.725603,11.0,0.878874,0.731021,0.147853,0.749751,3.0,,,,,,0.020169,0.991941,0.596448,0.431019,0.545459,0.685447,0.151051,0.414115,,,,,,,,,,,,,,,,,,,,,,,,,,,,,,,,,,,,,,,,,,
20261007T062236Z,stage5_3d,epoch,2026-10-07T08:07:38+00:00,6302.2,39,3069,7.999999999999999e-10,2.466548,0,,,,,,,,,,,,,,,,,,,,,,,,,,,,,,,,,,,,,,,,,,,,,,,,,,,,,,,,,,,,,,,,,0.8892,1.96,0.4541,609191,0.0305,8.1906,0.8938,0.853,0.0408,0.4158,11.2,0.2827,24.7491,0.3857,0.152,0.2337,3.38,6.01,0.0254,0.3863,15.22,0.6124,0.2456,0.1945,17704,0.7475,0.6925,0.055,0.5283,3.0,23.328,24.589,1.261,82863,27.026,29.048,2.022,83571,16.265,17.737,1.472,83571
